title,keywords,cleaned_genre,semantic_density,emotion_score,entropy,cliche_score
폭풍전야(영화),"사랑, 눈, 마음, 분류, 복수, 감옥, 날, 상병, 김남길",로맨스,0.8191803,0.7407407382716049,0.2075187486729242,70.78
모피를 입은 비너스(영화),"민수, 매력, 사랑, 같, 집, 욕망, 살인, 증오, 스릴러, 죽음",기타,0.67423064,0.9999999966666666,0.1315172022331585,67.43
환절기(영화),"수현, 용, 준, 아들, 미경, 비밀, 짐작, 계절, 청년, 고",드라마,0.94938374,0.3333333322222222,0.1315172022331585,67.27
타락천사(영화),"에이전트, 사랑, 지명, 황, 감정, 말, 병, 동업, 참조, 이",기타,0.94688326,0.3333333322222222,0.1315172022331585,67.12
중천(영화),"중천, 원귀, 소화, 반란, 퇴마무사, 연인, 영혼, 세계, 곽, 사랑",액션,0.9464155,0.3333333322222222,0.1315172022331585,67.09
티스(영화),"이빨, 사랑, 모험, 브래드, 오빠, 음흉, 의붓, 진짜, 눈길, 집",공포,0.9387281,0.3333333322222222,0.1315172022331585,66.63
백야(한국 영화),"아프, 배달, 기억, 퀵서비스, 한국, 원규, 승무원, 태준, 있, 사랑",기타,0.9261449,0.3333333322222222,0.1315172022331585,65.87
그녀는 거짓말을 너무 사랑해(영화),"거짓말, 첫사랑, 시작, 이름, 아키, 괜찮, 세상, 위협, 남자, 같",로맨스,0.7708896,0.6666666644444444,0.1315172022331585,64.89
물랑루즈(영화),"사랑, 세계, 루즈, 크리스티앙, 운명, 없, 시작, 신분, 샤틴은, 사이",뮤지컬,0.7376516,0.6666666644444444,0.1315172022331585,62.9
똥파리(영화),"상훈, 연희, 날, 세상, 아프, 핏줄, 동료, 적, 자기, 용역",드라마,1.0,0.0,0.1315172022331585,61.97
유정(영화),"정님, 딸, 사이, 교장, 사랑, 사실, 독립운동, 벌판, 마음, 시기",기타,0.85107535,0.3333333322222222,0.1315172022331585,61.37
스토커(2013년 영화),"인디아, 찰리, 삼촌, 자신, 존재, 아빠, 비밀, 충격, 이블린, 니콜",스릴러,0.7026349,0.6666666644444444,0.1315172022331585,60.8
트라이브(영화),"사랑, 조직, 없, 학교, 대사, 자막, 해석, 필요, 진행, 증오",드라마,0.8362331,0.3333333322222222,0.1315172022331585,60.48
나탈리(한국 영화),"나탈리, 사랑, 준혁, 기억, 실제, 모델, 자신, 민우, 시작, 비밀",기타,0.6969902,0.6666666644444444,0.1315172022331585,60.46
모리스(영화),"크, 라이브, 모리스, 여건, 알렉, 하인, 육체, 사회, 관계, 플라토닉",로맨스,0.97090095,0.0,0.1315172022331585,60.23
악녀(영화),"숙희, 비밀, 킬러, 엄청나, 자신, 남자, 등장, 일, 기회, 자유",액션,0.8261342,0.3333333322222222,0.1315172022331585,59.87
여의도(영화),"황, 우진, 과장, 자신, 후배, 친구, 행운, 목, 분류, 밀집",기타,0.96069944,0.0,0.1315172022331585,59.61
기생충(영화),"가족, 기우, 사장, 박, 길, 사이, 좋, 만남, 기택, 고액",기타,0.9472495,0.0,0.1315172022331585,58.81
범블비(영화),"범블비, 폐, 헤일리 스타인펠드, 찰리, 피신, 차장, 방황, 자신, 소녀, 곳",SF,0.9629527,0.0,0.062765440682787,58.72
박쥐(영화),"상현, 태주, 피, 사랑, 살인, 신부, 뱀파이어, 욕망, 없, 기적",공포,0.66519696,0.6666666644444444,0.1315172022331585,58.55
메기(영화),"의심, 윤영, 병원, 있, 구덩이, 곳, 마리아, 사랑, 주인공, 오늘",코미디,0.79779375,0.3333333322222222,0.1315172022331585,58.17
너는 내 운명(영화),"사랑, 없, 행복, 곁, 같, 사람, 날, 세상, 다방, 마음",로맨스,0.6565938,0.6666666644444444,0.1315172022331585,58.04
맞짱(영화),"싸움, 동생, 문수, 계기, 우연, 사람, 리얼, 성년, 성장, 서로",범죄,0.93395334,0.0,0.1315172022331585,58.01
사운드 오브 뮤직(영화),"폰, 사랑, 마리아, 트랩, 아이, 자신, 대령, 문, 마음, 수녀",뮤지컬,0.79473364,0.3333333322222222,0.1315172022331585,57.99
열녀문(영화),"한, 성철, 진사, 김, 과부, 말, 김상현, 농부, 집, 송",로맨스,0.9331011,0.0,0.1315172022331585,57.96
트라이앵글(영화),"바다, 제스, 안, 일행, 시간, 반복, 운명, 배, 죽음, 있",스릴러,0.65117353,0.6666666644444444,0.1315172022331585,57.71
수성못(영화),"치열, 평화, 영목, 인간, 남다르, 사건, 실종, 못, 수성, 설상가상",기타,0.92790747,0.0,0.1315172022331585,57.65
보안관(영화),"종진, 대호, 의심, 마약, 수사, 시작, 기장, 고향, 수호, 평화",코미디,0.92439765,0.0,0.1315172022331585,57.44
비행(영화),"수, 비행, 지혁, 청춘, 마약, 인생, 탈출, 숨, 언더독, 근",범죄,0.9241935,0.0,0.1315172022331585,57.42
싸움(한국 영화),"상민, 진아, 폭발, 카운트다운, 진, 이별, 싸움, 본의, 분류, 같",로맨스,0.7833822,0.3333333322222222,0.1315172022331585,57.31
고래사냥(영화),"병태, 춘자, 민우, 여인, 일당, 촌, 미란, 자신, 말, 위기",기타,0.9221155,0.0,0.1315172022331585,57.3
마미(영화),"엄마, 스티브, 앞, 행복, 사랑, 아들, 사람, 카일라, 디아, 성격",드라마,0.6432636,0.6666666644444444,0.1315172022331585,57.24
키다리 아저씨(영화),"영미, 자신, 날, 집, 직원, 방송국, 대학, 준호, 주인, 짝사랑",기타,0.78179693,0.3333333322222222,0.1315172022331585,57.21
담쟁이(영화),"은수, 예원, 사랑, 현실, 앞, 절망, 없, 커플, 교통사고, 일상",드라마,0.64045334,0.6666666644444444,0.1315172022331585,57.07
매그놀리아(영화),"분, 클라우디아, 얼, 지미, 퀴즈왕, 진행, 암, 사랑, 아들, 산",드라마,0.77477586,0.3333333322222222,0.1315172022331585,56.79
팬데믹(영화),"바이러스, 초유, 속도, 빠르, 죽음, 사상, 숨, 기약, 연인, 윌",스릴러,0.7742227,0.3333333322222222,0.1315172022331585,56.76
선물(2001년 영화),"용기, 아내, 없, 남편, 정연, 첫사랑, 세상, 분, 마음, 자신",로맨스,0.7726996,0.3333333322222222,0.1315172022331585,56.67
오두막(영화),"맥, 오두막, 파파, 편지, 도착, 사랑, 막내딸, 깊, 같, 슬픔",기타,0.6317525,0.6666666644444444,0.1315172022331585,56.54
현기증(미국 영화),"퍼거슨, 매들린, 주디, 아내, 종탑, 사랑, 유령, 연기, 미행, 형사",로맨스,0.7675816,0.3333333322222222,0.1315172022331585,56.36
초인(영화),"수현, 책, 현, 운명, 학교, 말썽, 도서관, 일, 이름, 체조",로맨스,0.7659137,0.3333333322222222,0.1315172022331585,56.26
몬스터(한국 영화),"복수, 동생, 태수, 추격, 숨, 미친년, 날, 앞, 일명, 냉혈",범죄,0.76548123,0.3333333322222222,0.1315172022331585,56.23
아저씨(영화),"소미, 태식, 세상, 범죄, 친구, 전당포, 사건, 경찰, 조직, 행방",기타,0.7646564,0.3333333322222222,0.1315172022331585,56.19
캐롤(영화),"캐롤, 테레즈, 많, 사랑, 사회, 감정, 때, 딸, 양육, 대사",로맨스,0.76449627,0.3333333322222222,0.1315172022331585,56.18
서복(영화),"서복, 기헌, 없, 임무, 마지막, 시작, 동행, 특별, 복제, 인류",SF,0.9023979,0.0,0.1315172022331585,56.12
안티고네(영화),"안티고네, 오빠, 일상, 대중, 행동, 비극, 자리, 감옥, 용기, 총",드라마,0.762075,0.3333333322222222,0.1315172022331585,56.03
후드(영화),"돈, 드, 후, 권력, 시작, 통쾌, 귀족, 가문, 전쟁, 청년",모험,0.90092,0.0,0.1315172022331585,56.03
뉴 뮤턴트(영화),"분, 돌연변이, 자신, 능력, 시작, 감시, 상태, 사회, 심리, 스스로",공포,0.8967519,0.0,0.1315172022331585,55.78
베를린(영화),"음모, 국제, 표, 종, 정진수, 베를린, 요원, 아내, 비밀, 수",기타,0.7571432,0.3333333322222222,0.1315172022331585,55.73
인어공주(한국 영화),"엄마, 아빠, 나영, 사랑, 모습, 연순, 사람, 진국, 맑, 마음",기타,0.7557443,0.3333333322222222,0.1315172022331585,55.65
황제를 위하여(영화),"이환, 상하, 자신, 연수, 승부, 상, 조작, 조직, 연루, 규모",기타,0.8921688,0.0,0.1315172022331585,55.5
바빌론(영화),"소재, 등장, 같, 캐릭터, 가상, 인물, 존재, 헐리웃, 시대",드라마,0.8709488,0.0,0.2075187486729242,55.37
세기말(영화),"소령, 상우, 천, 장, 서, 일, 마지막, 신세, 돈, 노리개",드라마,0.88821554,0.0,0.1315172022331585,55.27
예스터데이(한국 영화),"석, 현장, 자신, 범인, 과학자, 최고, 살인, 기억, 범죄, 속",SF,0.74666744,0.3333333322222222,0.1315172022331585,55.11
임을 위한 행진곡(영화),"명희, 분, 철수, 증세, 지금, 전수, 김꽃비, 미, 희수, 사이렌",드라마,0.8844131,0.0,0.1315172022331585,55.04
친구(영화),"동수, 석, 친구, 상, 조직, 택, 후, 준석, 장면, 흉기",범죄,0.8812854,0.0,0.1315172022331585,54.85
애인(1982년 영화),"영심, 민호, 날, 집, 지운, 말, 애인, 연아, 창, 결혼",기타,0.87968373,0.0,0.1315172022331585,54.75
내부자들(영화),"안상, 비자금, 구, 복수, 장훈, 파일, 거래, 폐인, 족보, 검사",스릴러,0.7384242,0.3333333322222222,0.1315172022331585,54.61
레플리카(영화),"복제, 인간, 가족, 거대, 알고리즘, 생명, 공학자, 클론, 행복, 사랑",스릴러,0.59933096,0.6666666644444444,0.1315172022331585,54.6
들개(영화),"폭탄, 정구, 효민, 생산자, 사제, 문턱, 좌절, 대, 취업, 취준생",기타,0.876136,0.0,0.1315172022331585,54.54
클로이(영화),"클로, 남편, 유혹, 매혹, 캐서린, 자신, 관계, 가족, 비밀, 치명",스릴러,0.7366421,0.3333333322222222,0.1315172022331585,54.5
저스틴(영화),"기사, 저스틴, 전설, 정의, 꿈, 할아버지, 단계, 제국, 검, 도움",기타,0.8738411,0.0,0.1315172022331585,54.4
스탠 바이 미(영화),"형, 친구, 크리스, 아버지, 관심, 주인공, 어리, 시체, 고디, 변호사",코미디,0.8732525,0.0,0.1315172022331585,54.37
소녀의 세계(영화),"감정, 선배, 사람, 눈, 역, 시절, 맑, 첫사랑, 눈부시, 소녀",로맨스,0.7331804,0.3333333322222222,0.1315172022331585,54.3
M(2007년 영화),"미미, 민우, 은혜, 결혼, 날, 불면증, 소설, 첫사랑, 우, 한민",기타,0.73284423,0.3333333322222222,0.1315172022331585,54.28
눈길(영화),"종, 영애, 분, 집, 같, 열차, 일본, 소녀, 운명, 안",드라마,0.7326652,0.3333333322222222,0.1315172022331585,54.27
변신(영화),"사람, 극, 모습, 예고, 변신, 중수, 악마, 삼촌, 가족, 사제",스릴러,0.8707134,0.0,0.1315172022331585,54.22
클레멘타인(영화),"승현, 사랑, 딸, 철, 황종, 미국, 밀러, 잭, 민, 서",드라마,0.73093355,0.3333333322222222,0.1315172022331585,54.16
맨 프롬 엉클(영화),"범죄, 조직, 요원, 세계, 네임, 코드, 시대, 시작, 활약, 미스터리",코미디,0.7306081,0.3333333322222222,0.1315172022331585,54.14
환생(영화),"사람, 때, 혼란, 사건, 환생, 형제, 연인, 며칠, 남편, 자식",공포,0.8675806,0.0,0.1315172022331585,54.03
화차(영화),"선영, 문호, 가짜, 근, 실종, 종, 가족, 정체, 연관, 살인",기타,0.867314,0.0,0.1315172022331585,54.01
남자가 사랑할 때(영화),"남자, 사랑, 때, 형, 집, 돈, 여자, 인정, 조카, 사정",드라마,0.7278334,0.3333333322222222,0.1315172022331585,53.98
하류인생(영화),"태웅, 혜옥, 승, 업자, 인생, 고교, 문, 정권, 군납",기타,0.84685266,0.0,0.2075187486729242,53.92
노트북(영화),"앞, 앨리, 인생, 노아, 사랑, 사람, 마지막, 기억, 아프, 스물넷",드라마,0.72545063,0.3333333322222222,0.1315172022331585,53.83
퍼즐(영화),"도준, 날, 승진, 생각, 계속, 남자, 살인자, 기러기, 사례, 매력",스릴러,0.86410207,0.0,0.1315172022331585,53.82
퀴어영화 뷰티풀,"사랑, 소년, 현실, 세계, 도용, 가상, 사진, 친구, 동경, 자신",코미디,0.72257054,0.3333333322222222,0.1315172022331585,53.66
염력(영화),"헌, 루미, 경찰, 사람, 능력, 동네, 염력, 전, 태산, 건설",코미디,0.8610239,0.0,0.1315172022331585,53.63
호흡(영화),"납치, 민구, 인생, 이후, 그날, 자신, 범죄, 정주, 사람, 아이",드라마,0.7218641,0.3333333322222222,0.1315172022331585,53.62
솔저(영화),"군인, 토드, 전쟁, 폐기물, 혹성, 케인, 처리장, 계명, 죽음, 최후",SF,0.72130215,0.3333333322222222,0.1315172022331585,53.58
복수는 나의 것(2002년 영화),"누나, 류, 분, 딸, 유괴, 신장, 동진, 수술, 회사, 복수",스릴러,0.7208923,0.3333333322222222,0.1315172022331585,53.56
OK 목장의 결투(영화),"와이어트, 결투, 닥, 결국, 후, 보안관, 클랜, 목장, 형제, 용의자",기타,0.85936064,0.0,0.1315172022331585,53.53
바이스(영화),"역사, 실화, 체니, 딕, 비밀, 면, 시절, 결정, 세계, 흐름",코미디,0.71951413,0.3333333322222222,0.1315172022331585,53.48
버닝(한국 영화),"종수, 분, 해미, 집, 벤, 여행, 아프리카, 회사, 알바, 고백",드라마,0.8576541,0.0,0.1315172022331585,53.43
눈에는 눈 이에는 이(영화),"백, 반장, 안현미, 복수, 민, 숨, 현금, 금괴, 밀수, 대낮",스릴러,0.71870923,0.3333333322222222,0.1315172022331585,53.43
곡성(영화),"외지인, 사건, 종구, 시작, 경찰, 소문, 난동, 후, 의문, 중독",스릴러,0.857278,0.0,0.1315172022331585,53.41
가상현실(영화),"시드, 씨드, 파커, 회사, 인자, 게임, 경찰, 죄수, 그라임즈, 이용",SF,0.71656746,0.3333333322222222,0.1315172022331585,53.3
투명인간(한국 영화),"투명, 철, 약, 인간, 범, 인, 미행, 악당, 연구, 윤",기타,0.8543236,0.0,0.1315172022331585,53.23
각설탕(영화),"천둥, 세상, 시은, 말, 꿈, 각별, 서로, 엄마, 있, 과천",기타,0.85411537,0.0,0.1315172022331585,53.22
맨헌트(2017년 영화),"사건, 사이, 추, 장한위, 진실, 속, 하룻밤, 직감, 미션, 암흑",범죄,0.85405076,0.0,0.1315172022331585,53.22
마돈나(영화),"해림, 미나, 환자, 아버지, 상우, 제안, 철, 마돈나, 추적, 과거",드라마,0.85152346,0.0,0.1315172022331585,53.06
글래스(영화),"던, 글래스, 비스트, 케빈, 인격, 자신, 사람, 데이빗, 패거리, 때",스릴러,0.84984356,0.0,0.1315172022331585,52.96
신세계(영화)/줄거리,"정청, 자성, 이자성, 경찰, 과장, 강, 골드, 자신, 파, 구",기타,0.8491087,0.0,0.1315172022331585,52.92
퇴마록(영화),"승희, 암, 악령, 자신, 퇴마사, 건물, 경찰, 사교, 신부, 박",판타지,0.845738,0.0,0.1315172022331585,52.72
원티드(영화),"웨슬리, 크로스, 자신, 슬론, 암살단, 폭스, 운명, 뒤, 아버지, 총알",범죄,0.7046944,0.3333333322222222,0.1315172022331585,52.59
아수라(영화),"사이, 박성배, 한도, 아수라, 검찰, 범죄, 돈, 형사, 악인, 중생",범죄,0.70396316,0.3333333322222222,0.1315172022331585,52.54
킬리만자로(영화),"번개, 식, 종두, 철, 이후, 해, 일당, 횟집, 용서, 자신",드라마,0.8422615,0.0,0.1315172022331585,52.51
피아니스트(로만 폴란스키 영화),"스필, 연주, 마지막, 가족, 생존, 생활, 추위, 속, 자신, 영혼",드라마,0.84139353,0.0,0.1315172022331585,52.46
브라보 마이 라이프(영화),"부장, 후배, 실력, 퇴임, 꿈, 분류, 유어, 라이프, 샌님, 벌레",기타,0.84079,0.0,0.1315172022331585,52.42
문차일드(영화),"케이, 토시, 쇼, 이첸, 지역, 거리, 손, 갱, 날, 후",기타,0.83850443,0.0,0.1315172022331585,52.28
둠(영화),"괴물, 염색체, 사람, 주인공, 탈출, 지구, 초인, 관심, 칼 어번",공포,0.8384452,0.0,0.1315172022331585,52.28
짝패(영화),"필호, 태수, 환, 양아치, 때, 조, 사장, 왕, 필, 자신",액션,0.83768845,0.0,0.1315172022331585,52.23
피어싱(영화),"살인, 충동, 리드, 사랑, 계획, 자살, 자신, 재키, 후, 예행",스릴러,0.6975965,0.3333333322222222,0.1315172022331585,52.16
미션 파서블(영화),"사건, 우수, 유다희, 공조, 때, 가능, 흥신소, 사장, 앞, 날",코미디,0.8362775,0.0,0.1315172022331585,52.15
헬보이(2019년 영화),"헬보이, 니무에, 말, 자신, 앨리스, 때, 벤, 교수, 인간, 거인",기타,0.83517855,0.0,0.1315172022331585,52.08
오아시스(영화),"종두, 공주, 여자, 남자, 사랑, 그림, 이사, 날, 생각, 없",드라마,0.6951675,0.3333333322222222,0.1315172022331585,52.02
젊은이의 양지(2020년 영화),"연, 실습, 전화, 자신, 준, 날, 밤, 인생, 사건, 엄마",드라마,0.82975686,0.0,0.1315172022331585,51.76
퍼스트 러브(영화),"시작, 없, 로망스, 액션, 스타일리시, 광기, 손, 부패, 야쿠자, 경찰",범죄,0.69042104,0.3333333322222222,0.1315172022331585,51.73
블리치(영화),"루키아, 이치고, 있, 호로, 자신, 사신, 때, 렌지, 귀환, 인간",공포,0.8292118,0.0,0.1315172022331585,51.73
비밀의 숲 테라비시아(영화),"세계, 상상, 비밀, 레슬리, 환상, 제시, 테라비시아, 눈, 시, 간직",모험,0.6890217,0.3333333322222222,0.1315172022331585,51.65
사랑하기 때문에(영화),"이형, 몸, 차태현, 사람, 사랑, 서툴, 웃음, 작곡가, 힐링, 상실",코미디,0.6868521,0.3333333322222222,0.1315172022331585,51.52
판타스틱 포(2015년 영화),"리드, 빅터, 벤, 차원, 뒤, 말, 쟈니, 에너지, 자신, 참가",액션,0.8249034,0.0,0.1315172022331585,51.47
스승의 은혜(영화),"선생, 정원, 박, 미자, 말, 자신, 때, 명호, 집, 진술",공포,0.82484305,0.0,0.1315172022331585,51.46
아이(영화),"혁, 영채, 아영, 아동, 세상, 자신, 새해, 있, 생활력, 위로",드라마,0.82171625,0.0,0.1315172022331585,51.28
침입자(영국영화),"가족, 캐서린, 불, 비밀, 농장, 납치, 시작, 남성, 고문, 의문",공포,0.6824341,0.3333333322222222,0.1315172022331585,51.25
80일간의 세계일주(2004년 영화),"포그, 모니크, 패스포투, 켈빈, 사람, 일행, 장군, 자신, 비행기, 배",모험,0.82034904,0.0,0.1315172022331585,51.19
매춘(영화),"문희, 나영, 영민, 남친, 고시, 창녀, 얼마, 아들, 어머니, 사랑",기타,0.6809086,0.3333333322222222,0.1315172022331585,51.16
화해(영화),"분류, 화해, 나희, 후, 사회인, 같, 사건, 선영, 상처",코미디,0.8001281,0.0,0.2075187486729242,51.12
아이다호(영화),"스코트, 마이크, 어머니, 밥, 포틀랜드, 사랑, 부친, 아이다호, 장례식, 카멜라",모험,0.6801242,0.3333333322222222,0.1315172022331585,51.11
불신지옥(영화),"소진, 엄마, 희진, 정미, 기도, 사람, 능력, 경자, 동생, 귀",공포,0.818966,0.0,0.1315172022331585,51.11
방황하는 칼날(영화),"상현, 철, 딸, 수진, 발견, 후, 범인, 문자, 아버지, 피해자",스릴러,0.8149961,0.0,0.1315172022331585,50.87
슬렌더맨(영화),"의식, 거주, 슬렌더맨, 존재, 이후, 허구, 입증, 마을, 가담, 시골",스릴러,0.81433356,0.0,0.1315172022331585,50.83
코난 더 바바리안(영화),"코난, 말, 어리, 마을, 아리아인, 둠, 자손, 툴사, 번성, 사이",모험,0.8141484,0.0,0.1315172022331585,50.82
암드(영화),"요원, 일, 사건, 약품, 도중, 임무, 국가, 질환, 정신, 같",스릴러,0.81398064,0.0,0.1315172022331585,50.81
디 엣지(영화),"찰스, 밥, 곰, 스티븐, 없, 자신, 상황, 때, 조난, 사람",기타,0.8111139,0.0,0.1315172022331585,50.64
용서받지 못한 자(한국 영화),"태정, 승, 자신, 병장, 영, 친구, 승영, 고참, 지훈, 후",드라마,0.8109802,0.0,0.1315172022331585,50.63
타워(영화),"대호, 영기, 선우, 사람, 건물, 말, 엘리베이터, 병, 대원, 안",드라마,0.8102249,0.0,0.1315172022331585,50.59
여교사(영화),"혜영, 없, 효주, 김하늘, 차례, 정, 교사, 자리, 패, 같",드라마,0.80930966,0.0,0.1315172022331585,50.53
김종욱 찾기(영화),"첫사랑, 기준, 김종욱, 서지우, 사무소, 일, 프러포즈, 성격, 회사, 지나치",코미디,0.67038023,0.3333333322222222,0.1315172022331585,50.53
베테랑(영화),"도철, 형사, 사람, 태오, 사건, 물산, 신진, 없, 베테랑, 철",범죄,0.8087702,0.0,0.1315172022331585,50.5
마녀(2018년 영화),"자유, 자신, 기억, 사고, 후, 의문, 집안, 사정, 여고, 상금",액션,0.80787593,0.0,0.1315172022331585,50.45
킬러 조(영화),"크리스, 마약, 어머니, 조, 킬러, 도티, 여동생, 매력, 순간, 요구",범죄,0.80756646,0.0,0.1315172022331585,50.43
오빠생각(영화),"전쟁, 노래, 시작, 마음, 아이, 가운데, 한상렬, 임시완, 전출, 명령",전쟁,0.8034089,0.0,0.1315172022331585,50.18
내 이야기!!(영화),"같, 인기, 소년, 세상, 첫사랑, 있, 사랑, 남자, 밖, 입",코미디,0.6643812,0.3333333322222222,0.1315172022331585,50.17
블롭(영화),"스티브, 괴물, 노인, 제인, 박사, 친구, 경찰, 병원, 분, 안",SF,0.80321413,0.0,0.1315172022331585,50.17
허슬러(영화),"돈, 세상, 시작, 판, 방, 외모, 한, 필요, 플레이, 두뇌",범죄,0.80309355,0.0,0.1315172022331585,50.16
필동(영화),"자신, 도시, 믿음, 소망, 사랑, 필동, 이야기, 남산, 속, 마을",드라마,0.66400564,0.3333333322222222,0.1315172022331585,50.15
오피스(영화),"과장, 회사, 김, 사건, 가족, 동료, 종훈, 없, 살해, 화면",스릴러,0.8027819,0.0,0.1315172022331585,50.14
히어로(2010년 영화),"뱀파이어, 단, 친구, 심, 은, 석, 지하철, 자신, 얼마, 도시",액션,0.802717,0.0,0.1315172022331585,50.14
이별(영화),"호일, 영옥, 까뜨리느, 파리, 자신, 집, 소개, 말, 친구",기타,0.7835994,0.0,0.2075187486729242,50.13
영화로운 나날,"아현, 마법, 날, 우연, 특별, 같, 어드벤처, 보통, 로맨스",드라마,0.78347254,0.0,0.2075187486729242,50.12
생활의 발견(영화),"경수, 분, 선영, 선배, 춘천, 기억, 런닝, 개런티, 흥행, 약속",드라마,0.8003975,0.0,0.1315172022331585,50.0
어게인(영화),"연주, 감독, 지망, 혼, 좌절, 삶, 예술, 선생, 고향, 허산옥",뮤지컬,0.79975075,0.0,0.1315172022331585,49.96
로건(영화),"로건, 로라, 찰스, 자신, 아이, 말, 차, 뮤턴트, 도널드, 때",모험,0.79963267,0.0,0.1315172022331585,49.95
아이덴티티(영화),"인격, 말콤, 티모시, 모텔, 사람, 분, 패리스, 에드, 로즈, 살인",스릴러,0.79911536,0.0,0.1315172022331585,49.92
파퍼씨네 펭귄들(영화),"파퍼, 펭귄, 귀요미, 날, 배달, 뉴욕, 좌충우돌, 상속, 극, 펭",기타,0.79908156,0.0,0.1315172022331585,49.92
숙명(영화),"우민, 철, 이후, 조직, 가방, 돈, 도완, 강섭, 자신",기타,0.77923584,0.0,0.2075187486729242,49.87
골든 슬럼버(2018년 영화),"건우, 친구, 사건, 계획, 열, 선영, 김성균, 금철, 기사, 김대명",범죄,0.7973049,0.0,0.1315172022331585,49.81
스팅(영화),"로네건, 후커, 곤도, 프, 있, 경마, 루터, 샐리노, 일, 돈",코미디,0.7971379,0.0,0.1315172022331585,49.8
퀴어영화 20,"캔디, 사랑, 동거, 고등학교, 청, 도움, 연락, 게이, 어른, 남자",드라마,0.65664274,0.3333333322222222,0.1315172022331585,49.7
마스터(한국 영화),"회장, 진, 원, 네트워크, 장군, 범죄, 지능, 계획, 압박, 브레인",범죄,0.65636027,0.3333333322222222,0.1315172022331585,49.69
로지(영화),"가족, 로지, 상황, 곳, 오늘, 생각, 보금자리, 내일, 의지, 반복",드라마,0.7947989,0.0,0.1315172022331585,49.66
레이더스(영화),"인디, 박사, 분, 장면, 지팡이, 있, 레이븐, 우드, 안, 발굴",모험,0.79466677,0.0,0.1315172022331585,49.65
기화(영화),"아버지, 기화, 분류, 승철, 희용, 남자, 아들, 출소, 여행",기타,0.7756024,0.0,0.2075187486729242,49.65
콜(영화),"영숙, 서연, 집, 사람, 인생, 전, 미래, 위협, 폭주, 전종서",기타,0.7933223,0.0,0.1315172022331585,49.57
루비(영화),"현실, 꿈, 메인, 쓴맛, 대차, 계약, 불안, 과학, 직, 압박",드라마,0.79284185,0.0,0.1315172022331585,49.54
가족의 탄생(영화),"사랑, 인생, 없, 스캔들, 사이, 선경, 미라, 날, 애정, 남자친구",기타,0.65341854,0.3333333322222222,0.1315172022331585,49.51
혈의 누(영화),"사건, 원규, 살인, 마을, 섬, 해결, 일행, 연쇄, 제지, 분위기",스릴러,0.79192215,0.0,0.1315172022331585,49.49
자산어보(영화),"창대, 정약전, 공부, 지식, 세상, 바다, 죄인, 서로, 거래, 출세",드라마,0.6529436,0.3333333322222222,0.1315172022331585,49.48
회사원(영화),"회사, 분, 훈, 순간, 처음, 가족, 살인, 가을, 남자, 표적",드라마,0.79154855,0.0,0.1315172022331585,49.47
투혼(미국 영화),"듁스, 리, 대회, 잭슨, 듁스는, 타나카, 듁스를, 싱고, 쿠미테, 잔인",기타,0.7906195,0.0,0.1315172022331585,49.41
속사정(영화),"이수연, 수사, 기철, 이지연, 수연, 시작, 아내, 칼, 최주혁, 발견",스릴러,0.7902181,0.0,0.1315172022331585,49.39
순정(영화),"수옥, 범실, 이름, 형준, 첫사랑, 여름, 추억, 라디오, 전, 시작",드라마,0.65035856,0.3333333322222222,0.1315172022331585,49.33
만신(영화),"신, 만신, 금화, 삶, 남, 탄압, 모질, 시댁, 움직임, 시집",드라마,0.7877471,0.0,0.1315172022331585,49.24
패밀리(영화),"조직, 패밀리, 인천, 성준, 마담, 오, 형제, 분, 초희, 아",코미디,0.78769386,0.0,0.1315172022331585,49.23
무수단(영화),"지대, 무장, 대, 사고, 정예, 원인, 불명, 특임, 팀장, 시작",기타,0.7871184,0.0,0.1315172022331585,49.2
월플라워(영화),"찰리, 샘, 패트릭, 없, 자신, 친구, 방황, 사람, 환영, 쓰라리",드라마,0.78604484,0.0,0.1315172022331585,49.14
쌍화점(영화),"왕, 왕비, 홍림, 홍, 림, 합궁, 사랑, 모델, 역, 눈치",드라마,0.6469853,0.3333333322222222,0.1315172022331585,49.13
트릭(영화),"시청, 도준, 촬영, 영애, 석, 방송, 진, 기록, 국, 사람",드라마,0.7848732,0.0,0.1315172022331585,49.07
룸(영화),"잭, 조이, 닉, 조, 동안, 바깥, 세상, 조모, 말, 모자",드라마,0.78416747,0.0,0.1315172022331585,49.02
인천상륙작전(영화)/비판,"주인공, 속, 묘사, 포화, 작전, 장면, 퀄리티, 상륙작전, 진행",기타,0.7651136,0.0,0.2075187486729242,49.02
시빌(영화),"시빌, 고, 감정, 매혹, 드라마, 심리치료, 사, 고민, 다짐, 끝",드라마,0.7839843,0.0,0.1315172022331585,49.01
런닝맨(한국 영화),"종우, 사건, 우, 자료, 기혁, 현장, 부장, 기자, 종, 인물",스릴러,0.7830314,0.0,0.1315172022331585,48.95
영화 너무 좋아 폼포 씨,"진, 제작, 폼포, 히로인, 여배우, 신인, 눈, 파란만장, 씨",애니메이션,0.7618351,0.0,0.2075187486729242,48.82
삼생삼세 십리도화(영화),"소, 청구, 백천, 야화, 여제, 왕자, 연, 동해, 탄생, 참석",로맨스,0.78079724,0.0,0.1315172022331585,48.82
마이너리티 리포트(영화),"크라임, 프리, 자신, 미래, 범죄, 앤더튼, 예견, 범죄자, 시스템, 처단",스릴러,0.6417555,0.3333333322222222,0.1315172022331585,48.81
스왈로우(영화),"같, 사실, 집, 임신, 사랑, 헌터, 아내, 후, 그림, 남편",스릴러,0.6387934,0.3333333322222222,0.1315172022331585,48.63
루시드 드림(영화),"단서, 남자, 꿈, 범인, 친구, 설경구, 정신과, 계획, 전, 방섭",스릴러,0.7772659,0.0,0.1315172022331585,48.61
시소(영화),"사람, 서로, 여행, 자신, 마음, 이동우, 세상, 모습, 각자, 점",다큐멘터리,0.77634203,0.0,0.1315172022331585,48.55
봄날은 간다(영화),"상우, 은수, 사랑, 분, 사람, 라디오, 겨울, 없, 집착, 시절",로맨스,0.6358728,0.3333333322222222,0.1315172022331585,48.46
디센트(영화),"주노, 사라, 괴물, 베스, 동굴, 남편, 일행, 자신, 홀리, 출구",스릴러,0.77395546,0.0,0.1315172022331585,48.41
명당(영화),"땅, 박재상, 있, 명당, 장동 김씨, 흥, 선, 뜻, 왕, 운명",드라마,0.6627244,0.303030302020202,0.062765440682787,48.28
레슬러(영화),"귀보, 아들, 성웅, 살림, 대표, 레슬러, 프로, 러, 국가, 평화",기타,0.7713066,0.0,0.1315172022331585,48.25
어쌔신 크리드(영화),"칼럼, 암살자, 선악과, 소피아, 아버지, 템플, 기사단, 아귈라, 자신, 모습",모험,0.76971924,0.0,0.1315172022331585,48.16
돌연변이(영화),"생선, 구, 부족, 인간, 인, 박구, 청년, 정, 덕, 직원",코미디,0.7694785,0.0,0.1315172022331585,48.14
벤허(1959년 영화),"친구, 일생, 충성심, 세상, 일대, 이야기, 오락, 그리스도, 경험",모험,0.74980336,0.0,0.2075187486729242,48.1
변산(영화),"고향, 인생, 빡세, 흑역사, 학수, 청춘, 시작, 꼼수, 김고은, 강제",드라마,0.7683352,0.0,0.1315172022331585,48.07
스카이 하이(영화),"학교, 윌, 페인, 로열, 능력, 반, 영웅, 홀드, 조수, 스트롱",코미디,0.768041,0.0,0.1315172022331585,48.06
전우치(영화),"요괴, 전우치, 신선, 화담, 봉인, 대사, 세상, 만파식적, 관, 과거",코미디,0.7676525,0.0,0.1315172022331585,48.03
정글쥬스(영화),"철수, 기태, 철, 민, 마약, 경찰, 부산, 멕, 결국, 돈",기타,0.76627374,0.0,0.1315172022331585,47.95
락스타(영화),"스틸, 드래곤, 자신, 보컬, 모습, 멤버, 콜, 크리스, 친구, 활동",드라마,0.76622087,0.0,0.1315172022331585,47.95
아리랑(영화),"영진, 장면, 미치광이, 일제, 강점기, 영희, 지주, 악덕, 기호, 설정",기타,0.7661621,0.0,0.1315172022331585,47.94
거울(영화),"어머니, 울타리, 위, 남편, 그때, 모습, 의사, 불신, 머리, 생각",드라마,0.76598096,0.0,0.1315172022331585,47.93
허리케인(영화),"집, 목숨, 경찰, 사투, 연인, 내용, 강도",스릴러,0.70157176,0.0,0.3888037879687394,47.93
새(영화),"날, 멜라니, 수많, 뒤, 자신, 잉꼬, 새, 미치, 여동생, 캐시",드라마,0.76573306,0.0,0.1315172022331585,47.92
생일(영화),"가족, 수호, 아들, 그리움, 생일, 선물, 기억, 특별, 간직, 하루",드라마,0.6262521,0.3333333322222222,0.1315172022331585,47.88
요괴대전쟁(영화),"평화, 세계, 기린, 송, 자, 이혼, 어머니, 할아버지, 시골, 이사",기타,0.7643906,0.0,0.1315172022331585,47.84
클로저(영화),"앨리스, 댄, 래리, 나, 아나, 사진, 이름, 마지막, 사실, 고백",드라마,0.7641065,0.0,0.1315172022331585,47.82
레비아탄(영화),"괴물, 기지, 벡, 식스팩, 뒤, 의무관, 광부, 선박, 보드카, 수면",공포,0.76402813,0.0,0.1315172022331585,47.81
철권(영화),"철권, 연령, 캐릭터, 이름, 격투, 진, 어머니, 세계, 후, 작중",기타,0.763757,0.0,0.1315172022331585,47.8
똥개(영화),"철민, 아버지, 생각, 똥개, 오덕, 꿈, 사업, 날, 집, 생활",드라마,0.7636449,0.0,0.1315172022331585,47.79
오로라 공주(한국 영화),"순정, 민아, 정, 딸, 택시, 때, 형사, 변호사, 기범, 살인",범죄,0.7630697,0.0,0.1315172022331585,47.76
닥터 스트레인지(영화)/줄거리,"디, 멘션, 카글리오, 제자, 스트로, 책, 캐실리우스, 페이지, 다크, 힘",기타,0.76253235,0.0,0.1315172022331585,47.72
최면(영화),"최면, 기억, 시작, 환영, 최교수, 친구, 영문, 충실, 과, 대학",공포,0.7599683,0.0,0.1315172022331585,47.57
타이타닉(영화),"사랑, 티켓, 로즈, 운명, 도박, 잭, 화가, 레오나르도 디카프리오, 막강, 재력",드라마,0.52423483,0.6060606040404041,0.062765440682787,47.55
톱스타(영화),"원준, 태식, 매니저, 미나, 장원준, 일, 애인, 흠모, 자리, 배우",드라마,0.7593785,0.0,0.1315172022331585,47.54
다운사이징(영화),"다운사이징, 폴, 일, 부부, 사프라넥, 말, 사람, 축소, 상태, 뉴스",코미디,0.7592177,0.0,0.1315172022331585,47.53
스플래시(영화),"매디슨, 앨런, 바다, 없, 형, 분, 과학자, 말, 이름, 인간",코미디,0.75872695,0.0,0.1315172022331585,47.5
미션 임파서블(영화),"이단 헌트, 짐, 팀원, 클레어, 요원, 임무, 이단, 체포, 자신, 누명",기타,0.7743774,0.0,0.062765440682787,47.4
작전(영화),"작전, 주식, 돈, 황종, 시작, 토건, 대산, 구, 조폭, 멤버",스릴러,0.7564082,0.0,0.1315172022331585,47.36
구경(영화),"분류, 지연, 학교, 재훈, 선영, 캠퍼스, 친구, 커플, 싸움",드라마,0.7359828,0.0,0.2075187486729242,47.27
이민자(영화),"사랑, 없, 에바, 브루노, 올란도, 운명, 뉴욕, 맨하탄, 빈민가, 거부",드라마,0.47704053,0.6666666644444444,0.1315172022331585,47.26
공범(영화),"아빠, 다은, 시작, 잔인, 의심, 유괴, 살인, 군, 한, 사건",스릴러,0.7529324,0.0,0.1315172022331585,47.15
영도(영화),"연쇄, 살인마, 사건, 여인, 증오, 복수, 질시, 원망, 살인, 곁",기타,0.6131521,0.3333333322222222,0.1315172022331585,47.1
개그맨(영화),"종세, 총, 석, 도, 은행, 감독, 도석, 도주, 선영",코미디,0.7325702,0.0,0.2075187486729242,47.07
좀비 서바이벌 가이드(영화),"벤, 좀비, 카터, 기, 스카우트, 친구, 드니스, 켄달, 스트리퍼",코미디,0.73242277,0.0,0.2075187486729242,47.06
테러리스트(영화),"수현, 동생, 형, 형제, 꿈, 시작, 친구, 막다르, 골목, 이상",드라마,0.75114834,0.0,0.1315172022331585,47.04
데스페라도(영화),"부초, 엘 마리아치, 서점, 기타, 마약, 카롤리나, 상, 사랑, 손, 와중",범죄,0.64173245,0.303030302020202,0.062765440682787,47.02
폴라(영화),"킬러, 은퇴, 덩컨, 업무, 회사, 등장, 주인공, 퇴직금, 살해, 전",기타,0.7501265,0.0,0.1315172022331585,46.98
적과의 동침(한국 영화),"마을, 인민군, 정리, 작전, 사람, 전쟁, 구장, 변희봉, 한국, 혼사",전쟁,0.7501082,0.0,0.1315172022331585,46.98
뮤트(영화),"주인공, 레오, 연결, 스토리, 친구, 아미쉬, 생활, 탈영병, 출신, 켁터스",SF,0.74951655,0.0,0.1315172022331585,46.94
일진(영화),"영호, 자신, 학교, 눈, 기태, 친구, 일진, 패거리, 학생, 모습",액션,0.74832726,0.0,0.1315172022331585,46.87
건축학개론(영화),"서연, 승미, 마음, 사랑, 집, 자신, 없, 처음, 수업, 승",로맨스,0.6086615,0.3333333322222222,0.1315172022331585,46.83
의형제(영화),"지원, 남자, 한규, 국정원, 적, 서로, 북, 날, 서울, 복판",드라마,0.74732053,0.0,0.1315172022331585,46.81
하이랜더(영화),"불사신, 맥, 클라우드, 퀜틴, 자신, 후, 코르탄, 맹세, 문명, 인류",드라마,0.74637926,0.0,0.1315172022331585,46.76
벤지(영화),"베, 폴, 신디, 채프먼, 집, 말, 떠돌이, 극장, 개인, 광고",기타,0.7455576,0.0,0.1315172022331585,46.71
나이트크롤러(영화),"사고, 방송국, 루이스, 촬영, 현장, 좋, 청년, 값, 블룸, 직업",스릴러,0.7440741,0.0,0.1315172022331585,46.62
왓 이프(영화),"월레스, 샨트리, 사랑, 친구, 썸타기, 없, 마음, 크, 서로, 시간",코미디,0.60392,0.3333333322222222,0.1315172022331585,46.54
샴(영화),"플로, 핌, 위, 수술, 어머니, 분리, 자신, 자매, 한국, 남편",공포,0.7424767,0.0,0.1315172022331585,46.52
더 캣(영화),"존, 콘래드, 샐리, 집, 동안, 회사, 왈든, 이웃, 엄청나, 집안",코미디,0.7421835,0.0,0.1315172022331585,46.5
마법의 성(영화),"섹스, 빈, 성, 지혜, 분, 노인, 정우, 장군, 도움, 조루",코미디,0.7410095,0.0,0.1315172022331585,46.43
아르센 뤼팽(2004년 영화),"아버지, 루 팡, 죠세핀, 어리, 적, 도둑, 후, 집, 죠세, 핀",기타,0.75818837,0.0,0.062765440682787,46.43
할렐루야(영화),"돈, 덕, 사모, 피해자, 분, 건, 교회, 없, 목사, 유라",코미디,0.7408513,0.0,0.1315172022331585,46.42
터널(영화),"터널, 구조, 정수, 사고, 같, 안, 크, 희망, 집, 병",드라마,0.6018242,0.3333333322222222,0.1315172022331585,46.42
유령 마을(영화),"펙, 클로, 이웃, 집, 사람, 뼈, 레이, 시작, 월터, 일가",공포,0.739965,0.0,0.1315172022331585,46.37
메피스토(영화),"태석, 약속, 사채, 계약, 빚, 악마, 감당, 담보, 인생, 수연",드라마,0.73814565,0.0,0.1315172022331585,46.26
아오오니/영화,"아오오니, 타쿠로, 슌, 안나, 히로, 시, 사람, 꿈, 목소리",공포,0.7184771,0.0,0.2075187486729242,46.22
맨 인 블랙(영화),"요원, 외계인, 은하, 때, 검, 경찰, 같, 벨트, 이상, 조직",기타,0.7371688,0.0,0.1315172022331585,46.2
7년의 밤(영화),"마을, 아이, 시작, 선택, 사고, 세령, 최현수, 딸, 날, 밤",스릴러,0.7371607,0.0,0.1315172022331585,46.2
더블 드래곤(영화),"형제, 도시, 메달, 빌리, 반쪽, 악당, 형, 슈코, 자동차, 사토리",액션,0.73702306,0.0,0.1315172022331585,46.19
H(영화),"모방, 범죄, 자발, 추종자, 사주, 조승우, 현, 신, 행위, 강",스릴러,0.5981331,0.3333333322222222,0.1315172022331585,46.19
담보(영화),"승, 담보, 배, 종, 돈, 사람, 아이, 인생, 승이, 빚",드라마,0.7369916,0.0,0.1315172022331585,46.19
태양은 가득히(영화),"필립, 톰, 마르쥬, 요트, 프레디, 자신, 말, 시체, 이름, 친구",스릴러,0.7361624,0.0,0.1315172022331585,46.14
몽타주(영화),"범인, 사건, 전, 엄정화, 아이, 할아버지, 있, 유괴, 송영창",스릴러,0.7170697,0.0,0.2075187486729242,46.14
베스트셀러(영화),"희수, 수진, 별장, 연희, 친구, 서장, 차, 영준, 시신, 식",기타,0.73568237,0.0,0.1315172022331585,46.11
부활남(영화),"내용, 실제, 와이랩, 원작, 경우, 마블, 대표, 호모, 현생",기타,0.71629107,0.0,0.2075187486729242,46.09
나미야 잡화점의 기적(영화),"편지, 잡화점, 인연, 과거, 전, 도둑, 아츠야, 조, 쇼타, 인",드라마,0.73264724,0.0,0.1315172022331585,45.93
나이트폴(영화),"왕원, 임, 서, 반장, 서설, 운, 자신, 림, 서한, 딸",기타,0.7315563,0.0,0.1315172022331585,45.87
미성년(영화),"주리, 윤아, 같, 일, 영주, 엄마, 학교, 사건, 폭풍, 멘붕",드라마,0.7308059,0.0,0.1315172022331585,45.82
실종(한국 영화),"현아, 현정, 판, 곤, 집, 판곤, 자신, 동생, 경찰, 장면",스릴러,0.73075,0.0,0.1315172022331585,45.82
미행(영화),"빌, 사람, 콥, 자신, 묘하, 쌍둥이, 악행, 동료, 외모, 별나",범죄,0.7305582,0.0,0.1315172022331585,45.81
어깨동무(영화),"테이프, 형사, 태식, 꼴통, 건물, 깡패, 동무, 문제, 쌍칼, 손",코미디,0.7302407,0.0,0.1315172022331585,45.79
구르믈 버서난 달처럼(영화),"반란, 이몽학, 시작, 세상, 분, 궁, 대동계, 황정, 학, 칼",드라마,0.72965765,0.0,0.1315172022331585,45.75
젊은이의 양지(영화),"조지, 앨리스, 찰스, 사교계, 공장, 맨, 이스트, 배, 다르, 사실",드라마,0.72934854,0.0,0.1315172022331585,45.73
레드 드래곤(영화),"요정, 이빨, 연쇄, 윌, 사건, 크로포드, 단서, 살인범, 렉터, 박사",기타,0.72908014,0.0,0.1315172022331585,45.72
비질란테(영화),"몸, 피해자, 세이디, 복수, 남편, 실종, 날, 마음, 대신, 자신",스릴러,0.58989227,0.3333333322222222,0.1315172022331585,45.7
Hide & Seek(영화),"에밀리, 찰리, 데이비드, 딸, 날, 존재, 박사, 작, 외곽, 마을",공포,0.7283035,0.0,0.1315172022331585,45.67
배반의 장미(영화),"인생, 사람, 남자, 닉네임, 배반의 장미, 성적순, 행복, 완성, 마지막, 불꽃",코미디,0.61738986,0.303030302020202,0.062765440682787,45.56
해피 엔드(영화),"아내, 서민, 김, 최보라, 집착, 사람, 만남, 분, 딸, 남편",로맨스,0.7243957,0.0,0.1315172022331585,45.44
복숭아나무(영화),"동현, 아버지, 상현, 책, 형제, 특별, 남상미, 밝, 승아, 캐리커처",로맨스,0.7242733,0.0,0.1315172022331585,45.43
크랭크 인! 영화섬 ~뒤죽박죽 필름 속으로~,"초대, 영화제, 자신, 키노, 섬, 김칫국, 신나, 대상, 캐트라",기타,0.70506585,0.0,0.2075187486729242,45.42
유전(영화),"애니, 피터, 찰리, 자신, 스티브, 말, 조앤, 몸, 목, 방",드라마,0.72368914,0.0,0.1315172022331585,45.39
언니(영화),"동생, 흔적, 분노, 폭발, 남",액션,0.32039297,0.6666666644444444,0.6315172015118111,45.36
노엘(영화),"오빠, 가업, 현세, 노엘, 아들, 문제, 고소, 공포증, 시기, 얼마",코미디,0.72310126,0.0,0.1315172022331585,45.36
싱크홀(영화),"추락, 싱크, 현실, 집, 재난, 마련",드라마,0.6303434,0.0,0.4999999985573048,45.32
"캐리(소설, 영화)","캐리, 어머니, 마을, 피, 학교, 초능력, 능력, 칼, 아이, 프롬",공포,0.7220832,0.0,0.1315172022331585,45.3
빅 피쉬(영화),"아버지, 아들, 이야기, 날, 싫, 암, 허풍, 삶, 자신, 발자취",드라마,0.7217706,0.0,0.1315172022331585,45.28
트롤(영화),"파피, 브랜치, 버겐, 왕국, 트롤, 친구, 흥, 긍정, 공주, 노래",뮤지컬,0.7208414,0.0,0.1315172022331585,45.22
부라더(영화),"형제, 사고, 오로라, 동생, 없, 주봉, 말, 형, 시작, 두뇌",코미디,0.7206553,0.0,0.1315172022331585,45.21
스토커(러시아 영화),"사람, 구역, 공간, 스토커, 일, 안, 자신, 있, 곳, 안내",SF,0.72057444,0.0,0.1315172022331585,45.21
쉐도우(영화),"시안, 쉐도우, 라몬트, 남자, 최면, 잉코, 자신, 클레이모어, 박사, 하트",기타,0.7200667,0.0,0.1315172022331585,45.18
슬리퍼(영화),"마일즈, 루나, 집사, 로봇, 코, 집, 경찰, 지도자, 트럭, 자신",SF,0.7200613,0.0,0.1315172022331585,45.18
이태원 살인사건(영화),"피어슨, 검사, 알렉스, 용의자, 변호사, 분, 대식, 박, 한국말, 말",기타,0.7198214,0.0,0.1315172022331585,45.16
운동회(영화),"가족, 승희, 핑크빛, 엄마, 아버지, 마음, 연합, 남자, 활동, 짝사랑",코미디,0.57995105,0.3333333322222222,0.1315172022331585,45.1
브라이트(영화),"자코비, 오크, 마법, 경찰, 티카, 자신, 봉, 쉴드, 오브, 라이트",스릴러,0.7184,0.0,0.1315172022331585,45.08
영자의 전성시대(영화),"영자, 창수, 돈, 최불암, 이후, 창녀, 경찰서, 사장, 철공소, 아저씨",기타,0.7180742,0.0,0.1315172022331585,45.06
목격자(영화),"순간, 살인, 목격, 소리, 베란다, 타겟, 상훈, 다음, 이성민, 층수",스릴러,0.7163884,0.0,0.1315172022331585,44.96
돌려차기(영화),"태권도, 부, 아들, 불량, 버스, 학교, 광안대교, 패거리, 분, 전국",기타,0.7162838,0.0,0.1315172022331585,44.95
황해(영화),"남, 아내, 황해, 돈, 한국, 살인, 연변, 모두, 바다, 경찰",스릴러,0.71625704,0.0,0.1315172022331585,44.95
안드레이 루블료프(영화),"에피소드, 추락, 러시아, 종교, 예술, 현실, 속, 각각, 성",기타,0.69647205,0.0,0.2075187486729242,44.9
로제타(영화),"로제타, 날, 일, 일자리, 친구, 삶, 엄마, 행복, 오늘, 하기",드라마,0.5758134,0.3333333322222222,0.1315172022331585,44.85
오큘러스(영화),"거울, 팀, 환각, 카메라, 과거, 남매, 일리, 러셀, 엄마, 도자기",공포,0.7132608,0.0,0.1315172022331585,44.77
시(영화),"미자, 시, 작, 처음, 세상, 사건, 예기, 의상, 모자, 치장",드라마,0.7127514,0.0,0.1315172022331585,44.74
기담(영화),"날, 병원, 시체, 소녀, 인영, 아내, 동원, 밤, 마음, 정남",공포,0.7120411,0.0,0.1315172022331585,44.7
나는 여동생을 사랑한다(영화),"남매, 쌍둥이, 사랑, 요리, 이쿠, 사람, 말미, 내용, 작품, 사용",기타,0.5721194,0.3333333322222222,0.1315172022331585,44.63
아이언 자이언트 (영화),"호가드, 자이언트, 로봇, 딘, 마을, 켄트, 아이, 말, 장군, 자신",모험,0.71019435,0.0,0.1315172022331585,44.58
원더풀 라이프(영화),"림보, 인생, 역, 인도, 재현, 영원, 세상, 짧, 추억",드라마,0.6911474,0.0,0.2075187486729242,44.58
쟝고(영화),"글렌, 클러스터, 아버지, 고든, 독, 제시카, 와드, 총, 돈, 마을",액션,0.7099194,0.0,0.1315172022331585,44.57
비스티 보이즈(한국 영화),"분, 청담동, 자신, 승우, 호스트, 밤, 낮, 스타일, 재현, 삶",드라마,0.70985055,0.0,0.1315172022331585,44.56
자백(영화),"전사, 간첩, 자백, 발표, 증거, 날, 발견, 무덤, 괴물, 추적",다큐멘터리,0.7096264,0.0,0.1315172022331585,44.55
야고는 영화 스타,"니얀다, 야고, 말, 미미, 대왕, 망토, 치로, 메롱, 주인공",기타,0.6883722,0.0,0.2075187486729242,44.42
신비한 동물사전(영화),"동물, 마법, 신비, 가방, 뉴욕, 탈출, 마법사, 오러, 존재, 사회",모험,0.7073547,0.0,0.1315172022331585,44.41
여로(영화),"시누이, 달, 가세, 집, 계모, 영구, 최, 남편, 주사, 부산",기타,0.7072145,0.0,0.1315172022331585,44.41
영웅(영화),"검, 왕, 무명, 진, 비, 장공, 자신, 있, 말, 자객",전쟁,0.7070944,0.0,0.1315172022331585,44.4
엑스맨(영화),"분, 돌연변이, 능력, 자비에, 인류, 매그니토, 진화, 사이클롭스, 있, 스톰",기타,0.70675665,0.0,0.1315172022331585,44.38
데이곤(영화),"폴, 데이곤, 바바라, 주인공, 마을, 인간, 아이, 말, 우시아, 제사장",공포,0.7061375,0.0,0.1315172022331585,44.34
나쁜 녀석들(영화),"마이크, 마커스, 경찰, 줄리, 맥스, 집, 형사, 자신, 일, 정도",코미디,0.7054621,0.0,0.1315172022331585,44.3
왓치맨(영화),"히어로, 과거, 로어셰크, 시작, 왓치맨, 활동, 음모, 거대, 사건, 은퇴",기타,0.7042018,0.0,0.1315172022331585,44.22
식신(영화),"주성치, 당우, 장면, 두목, 신, 요리, 삼합회, 식, 위",코미디,0.683953,0.0,0.2075187486729242,44.15
여중생A(영화),"미래, 세상, 게임, 현실, 친구, 월드, 원더링, 곳, 여중, 같",드라마,0.7028347,0.0,0.1315172022331585,44.14
8 마일(영화),"래빗, 랩, 알렉스, 파파 독, 월드, 프리, 친구, 퓨처, 윙크, 말",기타,0.71969545,0.0,0.062765440682787,44.12
스캔들(영화),"초대, 금지, 위험, 여성, 젊, 대리모, 지성, 은밀하, 미모, 제안",드라마,0.7004275,0.0,0.1315172022331585,44.0
싸인(영화),"밖, 농장, 자신, 미스터리, 분, 창, 충격, 날, 옥수수, 서클",스릴러,0.5609457,0.3333333322222222,0.1315172022331585,43.96
자이겐틱(영화),"잭, 인마, 나무, 거인, 콩, 폭풍, 세계, 다양, 수많, 위",애니메이션,0.699007,0.0,0.1315172022331585,43.91
더 게임(한국 영화),"민희, 강노, 몸, 수술, 게임, 주은아, 의사, 장면, 때, 은아",기타,0.6985489,0.0,0.1315172022331585,43.89
마리오네트(영화),"매니, 소년, 현실, 메리언, 그림, 홍수, 미래, 모두, 자신, 통제",스릴러,0.698378,0.0,0.1315172022331585,43.88
해결사(2010년 영화),"자신, 납치, 인물, 때, 시작, 형사, 흥신소, 운영, 지금, 강태식",스릴러,0.6983073,0.0,0.1315172022331585,43.87
대관람차(영화),"우주, 대정, 기타, 회사, 스노우, 날, 실종, 출장, 바, 상황",드라마,0.69739616,0.0,0.1315172022331585,43.82
잃어버린 이름(영화),"게임, 장면, 출연, 조배숙, 주인공, 분류, 원인, 중독, 출연진",드라마,0.678149,0.0,0.2075187486729242,43.8
바람과 함께 사라지다(한국 영화),"얼음, 전문가, 덕무, 최고, 조선, 동수, 수, 조명, 작전, 꾼",코미디,0.6964937,0.0,0.1315172022331585,43.76
꽃잎(영화),"소녀, 장, 속, 발견, 날, 가족, 친구, 기일, 악몽, 학대",드라마,0.69599307,0.0,0.1315172022331585,43.73
바람과 함께 사라지다(미국 영화),"스칼렛, 남부, 찰스, 애슐리, 사랑, 결혼, 멜라니, 땅, 북부, 제도",드라마,0.5567503,0.3333333322222222,0.1315172022331585,43.71
레나(영화),"레나, 순구, 진심, 시골, 구, 마음, 봄날, 오해, 사이, 한국",로맨스,0.69357586,0.0,0.1315172022331585,43.59
듄(영화),"스파이스, 우주, 트레이드, 행성, 항해사, 가문, 레토, 샤담, 아라키스, 생산",기타,0.6931934,0.0,0.1315172022331585,43.56
리스타트(영화),"아침, 킬러, 정체, 본능, 자신, 반복, 타임루프, 속, 눈, 무한",액션,0.6925913,0.0,0.1315172022331585,43.53
박하사탕(영화),"영호, 박하사탕, 시간, 순수, 첫사랑, 모습, 없, 자신, 야유회",드라마,0.51919633,0.3703703691358024,0.2075187486729242,43.52
긴급명령(영화),"대통령, 라이언, 마약, 분, 극, 카르텔, 의회, 특수부대, 미국인, 개인",액션,0.6919094,0.0,0.1315172022331585,43.49
데스노트/영화,"라이토, 미사, 데스노트, 노트, 이름, 수사본부, 있, 렘, 류크, 키라",스릴러,0.6918487,0.0,0.1315172022331585,43.48
에이리언(영화),"애쉬, 리플리, 외계, 생물, 승무원, 케인, 탈출, 램버트, 노스트로모, 파커",기타,0.6898252,0.0,0.1315172022331585,43.36
스플릿(한국 영화),"철종, 판, 볼링, 자신, 영훈, 인생, 치열, 낮, 가짜, 가세",드라마,0.689787,0.0,0.1315172022331585,43.36
용의자(영화),"동철, 타겟, 자신, 회장, 박, 전, 없, 가족, 망명, 남한",액션,0.68953276,0.0,0.1315172022331585,43.34
봉오동 전투(영화),"독립군, 골짜기, 봉오동, 죽음, 일본군, 시작, 해철, 무장, 항일, 대도",기타,0.55063707,0.3333333322222222,0.1315172022331585,43.34
A.I.(영화),"인간, 로봇, 데이빗, 부부, 사랑, 스윈튼, 감정, 발전, 마틴, 엄마",SF,0.5505948,0.3333333322222222,0.1315172022331585,43.34
러브(2015년 영화),"머피, 일렉트라, 사랑, 어리, 아내, 아이, 후회, 잠, 질투, 환희",드라마,0.55044055,0.3333333322222222,0.1315172022331585,43.33
캡틴 마블(영화)/줄거리,"비어스, 스크럴, 크리, 행성, 힘, 욘, 기억, 족, 자신, 솔",기타,0.68909115,0.0,0.1315172022331585,43.32
위대한 유산(1998년 영화),"핀, 에스텔, 분, 노라, 꿈, 루스티그, 화가, 말, 그림, 깊",로맨스,0.68855,0.0,0.1315172022331585,43.29
그래서 나는 안티팬과 결혼했다(영화),"후준, 팬, 안티, 자리, 공식, 기질, 악마, 잡지사, 기자, 생활",기타,0.6883118,0.0,0.1315172022331585,43.27
돌멩이(영화),"석구, 김, 은지, 선생, 친구, 마을, 가출, 소녀, 있, 지능",드라마,0.68724084,0.0,0.1315172022331585,43.21
루나(영화),"루나, 사랑, 루벤, 자신, 알렉스, 일, 있, 남자친구, 생일, 파티",코미디,0.5481974,0.3333333322222222,0.1315172022331585,43.2
패트리어트 게임(영화),"잭, 라이언, 밀러, 홈즈, 숀, 테러, 보트, 계획, 영국, 경",스릴러,0.68673015,0.0,0.1315172022331585,43.18
신세계(영화),"이정재, 자성, 최민식, 정청, 수사, 황정민, 강, 과장, 작전, 후계자",기타,0.6862788,0.0,0.1315172022331585,43.15
어우동(영화),"안성기, 어우동, 높, 장면, 검열, 삭제, 동굴, 대역, 제거, 사랑",기타,0.54655254,0.3333333322222222,0.1315172022331585,43.1
클라운(영화),"광대, 아들, 아이, 옷, 남편, 아버지, 발견, 의지, 코, 이유",공포,0.6854379,0.0,0.1315172022331585,43.1
소름(영화),"전, 시체, 분, 선영, 현, 용, 아파트, 용현, 여자, 소설가",공포,0.68541324,0.0,0.1315172022331585,43.1
데어데블(영화),"범죄, 머독, 매트, 데어데블, 킹 핀, 음모, 아버지, 두려움, 복수, 뉴욕",범죄,0.44970134,0.6060606040404041,0.062765440682787,43.08
악질경찰(한국 영화),"사건, 나쁘, 거대, 폭발, 사주, 경찰, 창고, 조필호, 전복, 세상",범죄,0.6845905,0.0,0.1315172022331585,43.05
미러(영화),"후, 백화점, 거울, 실수, 일, 동료, 형사, 이상, 정직, 알콜",공포,0.6844865,0.0,0.1315172022331585,43.04
궁합(영화),"송화, 옹주, 남, 궁합, 조선, 부마, 후보, 사주, 단자, 팔자",코미디,0.68428373,0.0,0.1315172022331585,43.03
최후의 만찬(2003년 영화),"사고, 재림, 간, 책임, 곤봉, 없, 곳, 매진, 쇼핑, 탈출기",코미디,0.68344474,0.0,0.1315172022331585,42.98
별의 아이(영화),"치히로, 부모, 마음, 모습, 애정, 의식, 공원, 첫눈, 선생, 학년",기타,0.6829547,0.0,0.1315172022331585,42.95
레토(영화),"음악, 사랑, 자유, 나타샤, 마이크, 뮤지션, 뮤즈, 매력, 빅토르, 최",뮤지컬,0.5440191,0.3333333322222222,0.1315172022331585,42.95
젓가락(영화),"영춘, 숙, 영춘옥, 엄마, 틈, 공부, 분류, 백사장, 아들, 가장",기타,0.6824919,0.0,0.1315172022331585,42.92
퀴어영화 나비 : 어른들의 일,"세상, 철수, 호스트바, 현실, 분투, 어른, 속, 변변찮, 초년, 직장",드라마,0.68210953,0.0,0.1315172022331585,42.9
오버드라이브(영화),"페라리, 탕, 포스터, 조직, 차, 형제, 유산, 스포츠카, 위협, 클램프",액션,0.6820879,0.0,0.1315172022331585,42.9
번개맨(영화),"잘나, 번개, 한나, 파워, 마왕, 이용, 랜드, 블랙홀, 번개맨, 조이",뮤지컬,0.68203,0.0,0.1315172022331585,42.89
살인자의 기억법(영화),"병수, 태주, 살인, 경찰, 연쇄, 기억, 살인자, 지금, 알츠하이머, 시작",스릴러,0.68180054,0.0,0.1315172022331585,42.88
봉오동 전투(영화)/줄거리,"일본군, 철, 황해, 독립군, 아라요시, 장면, 유키오, 이장, 때, 봉오동",기타,0.6817957,0.0,0.1315172022331585,42.88
스텔스(영화),"벤, 명령, 임무, 전투기, 카라, 헨리, 인간, 개넌, 때, 북한",SF,0.68176514,0.0,0.1315172022331585,42.88
초능력자(한국 영화),"초인, 사람, 남자, 자신, 규남, 시작, 남, 조종, 능력, 일",스릴러,0.68124807,0.0,0.1315172022331585,42.85
인랑(영화)/줄거리,"임, 특기, 이윤희, 중경, 공안부, 한상우, 섹트, 진태, 장, 말",스릴러,0.6812445,0.0,0.1315172022331585,42.85
젠틀맨(영화),"돈, 품격, 시작, 범죄, 정글, 믹키, 피어슨, 강자, 매튜 맥커너히, 절대",코미디,0.5721061,0.303030302020202,0.062765440682787,42.84
뮌헨(영화),"비밀, 이스라엘, 요원, 세계, 복수, 팔레스타인, 단, 검, 사건, 뮌헨",스릴러,0.40336955,0.6666666644444444,0.1315172022331585,42.84
블라인드(영화),"사건, 목격자, 수아, 수사, 진술, 다르, 장애인, 기섭, 눈, 등장",스릴러,0.68024886,0.0,0.1315172022331585,42.79
스타쉽 트루퍼스(영화),"리코, 버그, 카르멘, 훈련, 디지, 보병, 작전, 브레인, 에이스, 전투",SF,0.6796877,0.0,0.1315172022331585,42.75
양자물리학(영화),"이찬우, 사건, 마약, 생각, 업계, 계장, 박기헌, 권력, 파티, 연루",범죄,0.67870826,0.0,0.1315172022331585,42.7
보고싶다(영화),"남자, 소녀, 소년, 중년, 감독, 하진, 북한, 운전수, 술, 우영",기타,0.6774252,0.0,0.1315172022331585,42.62
님은 먼 곳에(영화),"길, 베트남, 상, 순이, 말, 남편, 전쟁, 면회, 없, 보컬",드라마,0.67631525,0.0,0.1315172022331585,42.55
사과(영화),"현정, 현실, 이야기, 딸, 생활, 한국, 같, 퇴직, 취업",드라마,0.6562268,0.0,0.2075187486729242,42.49
타인은 지옥이다(영화),"캠핑, 지숙, 진영, 기류, 장, 석, 피디, 외주, 회사원, 방송",드라마,0.6745012,0.0,0.1315172022331585,42.44
카운슬러(영화),"카운슬러, 라이너, 말, 마약, 가을, 올, 일, 인용, 거액, 선택",기타,0.6743497,0.0,0.1315172022331585,42.43
괴물(영화),"괴물, 작전, 위험, 한강, 정부, 돈, 생물체, 출몰, 여유, 군대",기타,0.6739861,0.0,0.1315172022331585,42.41
엘렉트라(영화),"엘렉트라, 집단, 암살자, 핸드, 치명, 자신, 키마구레, 세상, 죽음, 무술",기타,0.5350674,0.3333333322222222,0.1315172022331585,42.41
보디가드(홍콩 영화),"정, 킬러, 정양, 홍콩, 약혼자, 중국, 후, 형, 시계, 경호",기타,0.6733069,0.0,0.1315172022331585,42.37
삼손(영화),"삼손, 신, 속, 영웅, 왕, 사랑, 핍박, 이스라엘, 민족, 선택",드라마,0.53423494,0.3333333322222222,0.1315172022331585,42.36
헬보이 실사영화 시리즈,"대결, 헬보이, 인물, 관계, 괴승, 베쓰무라의, 응징, 라스푸틴, 누아다, 자연",기타,0.6729372,0.0,0.1315172022331585,42.35
바벨(영화),"분, 모로코, 리처드, 아이, 키쿠치 린코, 마음, 장애, 문, 청각, 이후",스릴러,0.6900578,0.0,0.062765440682787,42.34
쉬리(영화),"특수, 중원, 암살, 최근, 박무, 요원, 영, 북한, 명현, 저격",드라마,0.67263436,0.0,0.1315172022331585,42.33
밀양(영화),"밀양, 삶, 남편, 전도연, 남자, 여자, 신애, 사랑, 자신",드라마,0.49753574,0.3703703691358024,0.2075187486729242,42.22
해바라기(영화),"태식, 희주, 조판, 수, 병진, 양기, 말, 뒤, 팔, 태식이",드라마,0.6702537,0.0,0.1315172022331585,42.19
허풍(영화),"허풍, 없, 섹스, 방, 인, 썸씽, 아이돌, 대한민국, 상상, 톱스타",코미디,0.66974276,0.0,0.1315172022331585,42.16
창간호(영화),"선, 미안, 패기, 단편, 종합, 지금, 꿈, 도전, 낭만, 밤",드라마,0.669303,0.0,0.1315172022331585,42.13
큐브(영화),"윈, 방, 큐브, 레인스, 다드, 잭스, 출구, 자신, 요원, 함정",공포,0.6690648,0.0,0.1315172022331585,42.12
프리 파이어(영화),"총격, 밀거래, 크리스, 킬리언 머피, 의문, 버논, 샬토 코플리, 브로커, 전, 저스틴",드라마,0.7016391,0.0,0.0,42.1
아인(영화),"괴물, 인류, 같, 원작, 흥행, 만화, 축복, 판매, 재앙, 세계",액션,0.6686924,0.0,0.1315172022331585,42.09
페이스 오프(영화),"캐스터, 숀, 아들, 자신, 살해범, 도움, 의료진, 속, 순간, 끈질기",스릴러,0.6686355,0.0,0.1315172022331585,42.09
21(영화),"카드, 팀, 수학, 비밀, 블랙잭, 천재, 카운팅, 교수, 미키, 벤",범죄,0.5295859,0.3333333322222222,0.1315172022331585,42.08
챔피언(영화),"챔피언, 팔씨름, 진기, 마크, 없, 엄마, 시작, 세계, 어메이징, 순간",코미디,0.66831225,0.0,0.1315172022331585,42.07
신기전(영화),"신기전, 개발, 명, 조선, 세종, 비밀, 총통, 등록, 완성, 대륙",액션,0.5288937,0.3333333322222222,0.1315172022331585,42.04
푸시(영화),"닉, 키라, 캐시, 디비전, 자신, 카버, 가방, 패밀리, 기억, 어머니",기타,0.6670645,0.0,0.1315172022331585,42.0
통증(영화),"분류, 로맨스, 드라마, 한국",로맨스,0.50145894,0.0,0.792481249163033,41.97
하나코(영화),"사토미, 악령, 마미야, 하나코, 사당, 뒤, 학교, 레이코, 화장실, 코",기타,0.6661568,0.0,0.1315172022331585,41.94
겟 아웃(영화),"크리스, 로즈, 말, 흑인, 자신, 조지나, 월터, 로건, 로드, 아미티지",스릴러,0.66562563,0.0,0.1315172022331585,41.91
상어(영화),"시작, 자신, 상어, 교도소, 노름, 여자, 냄새, 공원, 실재, 영철",드라마,0.66552967,0.0,0.1315172022331585,41.9
클릭(영화),"마이클, 리모컨, 모티, 아내, 말, 일, 자신, 감기, 때, 아들",코미디,0.66531926,0.0,0.1315172022331585,41.89
애정의 조건(영화),"엠마, 오로라, 플랩, 호튼, 게릿, 남편, 옆집, 딸, 분, 이사",코미디,0.6644352,0.0,0.1315172022331585,41.84
머드(영화),"머드, 엘리스, 소년, 사랑, 넥본, 아지트, 발견, 십자가, 보트, 구두",드라마,0.5253363,0.3333333322222222,0.1315172022331585,41.83
현기증(한국 영화),"순임, 영희, 꽃잎, 아기, 상호, 모습, 치매, 말, 현기증, 본인",기타,0.66290677,0.0,0.1315172022331585,41.75
1922(영화),"끝, 편지, 펜, 농부, 서두, 죄의식, 고백, 원한, 살해, 아내",공포,0.5239609,0.3333333322222222,0.1315172022331585,41.74
영화는 영화다,"조직, 보스, 강, 패, 이후, 수타, 경찰차, 유리창, 머리",드라마,0.6430642,0.0,0.2075187486729242,41.7
사경(영화),"핌, 톨게이트, 일, 인물, 노, 근무, 공포, 밤, 새벽, 게시물",공포,0.6594678,0.0,0.1315172022331585,41.54
족보(영화),"설진영, 과장, 창씨개명, 자신, 족보, 다니, 설득, 설, 조선인, 총력",드라마,0.65940255,0.0,0.1315172022331585,41.54
에드 우드(영화),"우드, 에드 우드, 후, 벨라 루고시, 촬영, 캐시, 때, 친구, 돈",코미디,0.65365565,0.0,0.1536745313951467,41.52
운디네(영화),"역사학자, 잠수사, 박물관, 산업, 관광, 앞, 가이드, 절망, 운디네, 실연",드라마,0.5201149,0.3333333322222222,0.1315172022331585,41.51
마더(2020년 영화),"슈헤, 밑바닥, 세상, 인생, 불안, 없, 아키코, 아들, 사랑, 품",기타,0.5196146,0.3333333322222222,0.1315172022331585,41.48
미믹(영화),"수잔, 주다스, 피터, 괴물, 지하철, 발견, 레너드, 사람, 후, 엘리베이터",공포,0.65842164,0.0,0.1315172022331585,41.48
폐교(영화),"친구, 유라, 인, 석, 폐교, 오랜만, 이제, 자신, 곳, 기억",공포,0.65805405,0.0,0.1315172022331585,41.46
붉은 사막(영화),"공장, 남편, 코라도, 노이로제, 고통, 모니카 비티, 정신, 분, 관계, 문제",드라마,0.5489208,0.303030302020202,0.062765440682787,41.45
해빙(영화),"살인, 승훈, 정, 병원, 노인, 후, 사건, 수면, 여자, 시체",스릴러,0.65626407,0.0,0.1315172022331585,41.35
스쿠프(영화),"피터, 특종, 기자, 산드라, 비밀, 매력, 상류사회, 로맨스, 완벽, 최고",기타,0.5171286,0.3333333322222222,0.1315172022331585,41.33
예언자(영화),"감옥, 자신, 임무, 분, 보스, 말, 두목, 루치아노, 갱, 닐스",범죄,0.655284,0.0,0.1315172022331585,41.29
동감(영화),"학교, 같, 교신, 소은, 앞, 시계탑, 시간, 약속, 인, 날",드라마,0.6550665,0.0,0.1315172022331585,41.28
보디가드(미국 영화),"레이첼, 프랭크, 경호, 무대, 청부, 니키, 언니, 크, 후, 팬",로맨스,0.6538456,0.0,0.1315172022331585,41.2
DISTANCE(영화),"사건, 교단, 기일, 유족, 가해자, 여름, 방주, 살인, 차별, 자살",드라마,0.6537066,0.0,0.1315172022331585,41.2
플래툰(영화),"반즈, 크리스, 어스, 일라이, 병사, 베트콩, 마을, 울프, 중위, 사람",드라마,0.6530216,0.0,0.1315172022331585,41.15
슈퍼 에이트(영화),"마을, 기차, 선, 열차, 단편, 좀비, 군대, 현상, 기회",모험,0.6339965,0.0,0.2075187486729242,41.15
Pride(2004년 영화),"수키, 라이너스, 다크, 자신, 엄마, 무리, 사자, 해리, 강, 방랑자",기타,0.65290403,0.0,0.1315172022331585,41.15
Ready or Not(영화),"게임, 가족, 그레이스, 숨바꼭질, 집안, 결혼, 날, 술래, 저택, 밤",공포,0.6526226,0.0,0.1315172022331585,41.13
의천도룡기(영화),"장, 조민, 배우, 역, 무기, 의천도룡기, 많, 판, 있",기타,0.6317993,0.0,0.2075187486729242,41.02
사랑니(영화),"첫사랑, 인영, 사랑, 학원, 자신, 이석, 정우, 여자, 영, 강사",드라마,0.5109458,0.3333333322222222,0.1315172022331585,40.96
우리들(영화),"선, 지아, 비밀, 혼자, 여름, 마음, 날, 교실, 친구, 전학생",드라마,0.5108819,0.3333333322222222,0.1315172022331585,40.96
시동(영화),"반항아, 거석이형, 정해인, 마동석, 상필, 어설프, 충만, 택일, 의욕, 박정민",코미디,0.6497047,0.0,0.1315172022331585,40.96
스네이크 아이즈(1998년 영화),"릭, 중령, 케빈, 던, 국방, 장관, 암살, 내부고발자, 경기, 선수",범죄,0.64944476,0.0,0.1315172022331585,40.94
타투(영화),"고통, 수나, 분, 과거, 몸부림, 문신, 날, 메두사, 살인, 상처",스릴러,0.5102313,0.3333333322222222,0.1315172022331585,40.92
써니(영화),"친구, 나미, 춘화, 할머니, 수지, 전, 주둥박, 임나미, 없, 씨부랄",드라마,0.6481035,0.0,0.1315172022331585,40.86
공수도(영화),"정의, 공수도, 아빠, 소녀, 폭력, 채영, 생활, 염증, 없, 순수",기타,0.64805067,0.0,0.1315172022331585,40.86
콘크리트(영화),"삽입, 장면, 질, 구, 코, 입장, 이름, 미사키, 알몸",기타,0.6286636,0.0,0.2075187486729242,40.83
마다가스카의 펭귄(영화),"펭귄, 프라이빗, 스키퍼, 데이브, 윈드, 노스, 리코, 비밀, 코왈스키, 말",애니메이션,0.50809306,0.3333333322222222,0.1315172022331585,40.79
고르고(영화),"영국, 새끼, 박살, 어미, 나중, 킹콩, 괴수, 영향, 고지, 전체",기타,0.64605933,0.0,0.1315172022331585,40.74
비스트(2019년 영화),"살인, 수, 범인, 형사, 사건, 살인마, 대가, 은폐, 마약, 시작",스릴러,0.6453307,0.0,0.1315172022331585,40.69
장화신은 고양이(영화),"푸스, 험티, 콩, 말, 자신, 키티, 리카르도, 구름, 때, 위",코미디,0.64510816,0.0,0.1315172022331585,40.68
검객(영화),"조선, 태율, 구루타이, 딸, 최고, 검객, 자비, 자취, 혼란, 극",액션,0.6449103,0.0,0.1315172022331585,40.67
버닝(미국 영화),"아이, 장, 캠핑, 이야기, 살인마, 관리인, 가위, 몸, 학살, 시작",기타,0.6421137,0.0,0.1315172022331585,40.5
이벤트 호라이즌(영화),"이벤트 호라이즌, 대원, 지옥, 말, 위어, 호, 우주선, 박사, 선장, 구조",SF,0.6579705,0.0,0.062765440682787,40.42
네고시에이터(영화),"로먼, 경찰, 세이비언, 인질, 자신, 진입, 니바움, 프로스트, 상황, 세이비",스릴러,0.64010763,0.0,0.1315172022331585,40.38
퀵(영화),"폭탄, 퀵서비스, 헬멧, 질주, 배달, 시속, 목숨, 아로, 전화, 복판",액션,0.63967955,0.0,0.1315172022331585,40.35
재밌는 영화,"파, 천군, 월드컵, 공동, 패러디, 한일, 방해, 개최, 공작금, 실수",코미디,0.6388366,0.0,0.1315172022331585,40.3
흥부(영화),"조혁, 흥부, 조선, 형, 백성, 형제, 조항리, 놀부, 흥부전, 이용",기타,0.63879156,0.0,0.1315172022331585,40.3
파퍼씨네 펭귄들(영화)/줄거리,"파퍼, 펭귄, 아버지, 톰, 정어리, 배, 태번, 처음, 집, 동물원",기타,0.63876843,0.0,0.1315172022331585,40.3
관상(영화),"사람, 관상, 얼굴, 한양, 조선, 운명, 등용, 인재, 궁, 사헌부",드라마,0.49951863,0.3333333322222222,0.1315172022331585,40.28
언더월드(영화),"늑대인간, 뱀파이어, 조상, 같, 전투, 루시, 빅터, 안, 해당, 제외",기타,0.63765824,0.0,0.1315172022331585,40.23
봉이 김선달(영화),"사기, 판, 최고, 조선, 대동강, 전문, 당대, 김선달, 천재, 인생",코미디,0.6374431,0.0,0.1315172022331585,40.22
스카이라인(영화),"외계인, 주인공, 애인, 뇌, 빛, 적출, 우주선, 등장, 부품, 미군",공포,0.6373784,0.0,0.1315172022331585,40.22
하피(영화),"동아리, 촬영, 멤버, 수연, 시작, 공포, 속, 회원, 갈등",코미디,0.61778104,0.0,0.2075187486729242,40.18
월 스트리트(영화),"게코, 루디, 딸, 고든 게코, 연인, 자살, 위니, 교도소, 위기, 예고",범죄,0.6309514,0.0,0.1536745313951467,40.16
히트맨(영화),"카티아, 자신, 에이전트, 말, 존, 리트벤코, 신디케이트, 총, 헬기, 소장",액션,0.6361745,0.0,0.1315172022331585,40.14
고속도로(영화),"미옥, 트럭, 고속도로, 배우, 기사, 일행, 결혼식, 진영, 중간, 미",기타,0.6361636,0.0,0.1315172022331585,40.14
라이프(영화),"캘빈, 조던, 휴, 미란다, 지구, 우주, 없, 쇼, 로이, 소유즈",스릴러,0.6355155,0.0,0.1315172022331585,40.1
거울 나라의 앨리스(영화),"앨리스, 여왕, 모자, 장수, 시간, 붉, 말, 자신, 과거, 가족",모험,0.63540226,0.0,0.1315172022331585,40.1
모노폴리(한국 영화),"존, 경호, 앨리, 없, 제안, 국정원, 계좌, 단서, 인출, 범죄",범죄,0.49628136,0.3333333322222222,0.1315172022331585,40.08
써클(영화),"시체, 명구, 연인, 홍, 성기, 산, 표본, 수사, 영아, 여인",기타,0.6350261,0.0,0.1315172022331585,40.07
휴게소(영화),"경수, 지호, 여행, 운영, 휴게소, 약혼녀, 밤, 곳, 인간, 가족",공포,0.6346588,0.0,0.1315172022331585,40.05
터미네이터(영화),"사라, 카일, 때, 코너, 다리, 존, 터미네이터, 기계, 폭발, 왼쪽",기타,0.6335765,0.0,0.1315172022331585,39.99
미녀는 괴로워(한국 영화),"마음, 가수, 밤, 한나, 사랑, 유일, 분, 아미, 없, 눈",코미디,0.49443907,0.3333333322222222,0.1315172022331585,39.97
7월 22일(영화),"사건, 악랄, 극, 국민, 소년, 사람, 가족, 테러범, 테러, 충격",스릴러,0.4940362,0.3333333322222222,0.1315172022331585,39.95
화장(영화),"오, 상무, 아내, 화장품, 부하, 직원, 남자, 사이, 이야기, 투병",기타,0.6326501,0.0,0.1315172022331585,39.93
란(영화),"성, 히데토라, 아버지, 카에데, 아들, 영주, 가문, 타로, 지로, 사부로",기타,0.6318422,0.0,0.1315172022331585,39.88
데드 엔드(영화),"촬영, 산삼, 팀, 정, 심마니, 그림자, 미치리, 상국, 조연출, 산",기타,0.63157195,0.0,0.1315172022331585,39.87
두근두근 내 인생(영화),"아름, 세상, 부모, 아이, 대수, 미라, 아들, 나이, 시작, 왕자",기타,0.6309225,0.0,0.1315172022331585,39.83
국제시장(영화),"덕수, 배, 가족, 동생, 난민, 일, 아버지, 엄마, 부산, 말",코미디,0.6303548,0.0,0.1315172022331585,39.79
벤허(2016년 영화),"벤허, 로마, 메살라, 자신, 말, 예수, 집, 용서, 유대인, 여동생",드라마,0.63013333,0.0,0.1315172022331585,39.78
사일런트 힐(영화),"속, 딸, 마을, 사일런트 힐, 거대, 안개, 사이렌, 곳, 로즈, 미스터리",공포,0.6460377,0.0,0.062765440682787,39.7
닥터 슬립(영화)/줄거리,"샤이닝, 워너, 브라더스, 음, 로고, 테마",기타,0.5358885,0.0,0.4999999985573048,39.65
너는 달밤에 빛나고(영화),"빛, 소녀, 소년, 시간, 처음, 발광, 병, 얼마, 롤링, 페이퍼",로맨스,0.6276054,0.0,0.1315172022331585,39.63
이창(영화),"월드, 제프리, 리사, 집, 아내, 밖, 이웃, 자신, 모습, 창문",스릴러,0.6271525,0.0,0.1315172022331585,39.6
슬리피 할로우(영화),"이카보드, 사건, 과학, 슬리피 할로우, 살인, 수사, 분, 뉴욕, 크레인, 마을",공포,0.6432396,0.0,0.062765440682787,39.54
픽시(영화),"픽시, 교수, 미니, 정체, 히어로, 속, 발명, 특수, 팔찌, 천재",코미디,0.62595475,0.0,0.1315172022331585,39.53
워(영화),"로그, 크로포드, 야쿠자, 창, 삼합회, 암살자, 사실, 조직, 시, 시로",기타,0.62580186,0.0,0.1315172022331585,39.52
산책(영화),"영훈, 여자, 극장, 세진, 공연, 자신, 친구, 삶, 총각, 진영",기타,0.6252226,0.0,0.1315172022331585,39.49
형(영화),"형, 석방, 사기, 인생, 보호자, 동생, 핑계, 예측, 형제, 못하",코미디,0.62504905,0.0,0.1315172022331585,39.48
더 기프트(2015년 영화),"고든, 사이먼, 로빈, 집, 부부, 이야기, 발견, 선물, 일, 자신",스릴러,0.62443125,0.0,0.1315172022331585,39.44
라비드(영화),"시작, 치료, 감염, 끔찍하, 귀가, 교통, 모욕, 사고, 파티, 안면",액션,0.6236868,0.0,0.1315172022331585,39.39
라디오 스타(영화),"최고, 방송, 합의금, 신세, 스타, 최곤, 배달, 손, 커피, 매니저",드라마,0.62342674,0.0,0.1315172022331585,39.38
지렁이(영화),"원술, 자야, 폭력, 딸, 외침, 민낯, 처절, 사회, 앞, 좌절",드라마,0.62329966,0.0,0.1315172022331585,39.37
아랑(영화),"민정, 소영, 사건, 현기, 피해자, 서장, 후, 소녀, 강간, 가해자",공포,0.62223136,0.0,0.1315172022331585,39.31
뉴 뮤턴트(영화)/줄거리,"대니얼, 일리야, 레예스, 능력, 바비, 레인, 자신, 아이, 샘, 박사",기타,0.62188524,0.0,0.1315172022331585,39.29
레드(영화),"프랭크, 사라, 은퇴, 요원, 비밀, 이후, 예전, 없, 친밀, 이유",액션,0.48290193,0.3333333322222222,0.1315172022331585,39.28
모히칸족의 최후(영화),"영국, 족, 모히칸, 사랑, 다니엘, 전쟁, 미국, 사령관, 딸, 영국군",전쟁,0.48213917,0.3333333322222222,0.1315172022331585,39.23
더 록(영화),"험멜, 작전, 장군, 자신, 분, 알카트라즈, 해병, 샌프란시스코, 없, 메이슨",액션,0.6208709,0.0,0.1315172022331585,39.23
한니발(영화),"스탈링, 렉터, 자신, 메이슨, 터, 렉, 살해, 큐레이터, 얼굴, 상층부",기타,0.6207189,0.0,0.1315172022331585,39.22
빠삐용(영화),"빠삐용, 드가, 탈출, 간수, 섬, 죄수, 독방, 기아나, 아내, 변호사",기타,0.48170784,0.3333333322222222,0.1315172022331585,39.21
신의 나라(영화),"농장, 일, 인생, 출신, 고용, 루마니아, 날, 조니, 양, 염증",드라마,0.62005836,0.0,0.1315172022331585,39.18
마더(영화),"엄마, 아들, 도준, 범인, 무능, 변호사, 종결, 돈, 사건, 결국",스릴러,0.6196255,0.0,0.1315172022331585,39.15
커터(영화),"세준, 윤재, 은영, 분위기, 적응, 돈, 제안, 낯설, 없, 가담",드라마,0.6195106,0.0,0.1315172022331585,39.14
82년생 김지영(영화),"친정, 날, 엄마, 김지영, 언니, 여성, 빙의",기타,0.5544539,0.0,0.3888037879687394,39.1
나비효과(영화),"닉, 사고, 친구, 두통, 여행, 정신, 청년, 라슨, 줄리, 밀러",스릴러,0.61876863,0.0,0.1315172022331585,39.1
클래식(영화),"주희, 태수, 하, 사실, 결혼, 편지, 자신, 지혜, 집, 목걸이",로맨스,0.618291,0.0,0.1315172022331585,39.07
1987(영화),"사망, 사건, 경찰, 부검, 처장, 박, 반장, 조, 변화, 사람",드라마,0.6179325,0.0,0.1315172022331585,39.05
도리화가(영화),"소리, 선, 신재효, 채, 조선, 없, 여자, 분, 소녀, 정사",기타,0.6177748,0.0,0.1315172022331585,39.04
애자(영화),"애자, 영희, 엄마, 결혼식, 이름, 바람둥이, 남자친구, 경력, 산더미, 당선",기타,0.61761487,0.0,0.1315172022331585,39.03
럭키(영화),"목욕탕, 배우, 삶, 형욱, 재, 명, 자신, 킬러, 성공, 대형",코미디,0.61692554,0.0,0.1315172022331585,38.99
윈체스터(영화),"윈체스터, 방, 부인, 프라이스, 저택, 총기, 제조, 경영, 소견서, 사회",스릴러,0.61581445,0.0,0.1315172022331585,38.92
스플린터(영화),"편의점, 도중, 습격, 숙주, 사내, 준비, 소리, 자동차, 타이어, 텐트",공포,0.61452454,0.0,0.1315172022331585,38.84
도화선(영화),"토니, 윌슨, 형제, 형사, 마, 홍콩, 검거, 액션, 도시, 악행",범죄,0.614519,0.0,0.1315172022331585,38.84
매치 포인트(영화),"운, 크리스, 공, 클로, 노라, 톰, 성공, 사람, 인생, 테니스",스릴러,0.61371535,0.0,0.1315172022331585,38.8
명왕성(2013년 영화),"스터디, 용의자, 그룹, 유진, 공개, 모습, 뒤, 가면, 우등, 인질",스릴러,0.61345845,0.0,0.1315172022331585,38.78
다크 나이트(영화),"배트맨, 조커, 고담, 노릇, 덴트, 정체, 악당, 범죄, 범죄자, 슈퍼히어로",기타,0.47375244,0.3333333322222222,0.1315172022331585,38.73
사랑과 거짓말(영화),"상대, 통지, 시바, 정부, 아오이, 결혼, 때, 공원, 생일, 정책",로맨스,0.6114437,0.0,0.1315172022331585,38.66
비밥바룰라(영화),"동네, 정도, 기본, 프로젝트, 스펙, 예상, 시, 시작, 어벤져스, 버킷 리스트",코미디,0.62750095,0.0,0.062765440682787,38.59
램스(영화),"양, 마을, 형제, 키디, 구미, 시골, 남다르, 한마디, 사연, 말",드라마,0.61011946,0.0,0.1315172022331585,38.58
상류사회(영화),"태준, 수연, 미래, 거래, 기회, 그룹, 선거, 출마, 민국당, 인기",드라마,0.6096646,0.0,0.1315172022331585,38.55
제이슨 본(영화),"제이슨, 기억, 본, 존재, 자신, 완벽, 앞, 치명, 음모, 과거",기타,0.60919327,0.0,0.1315172022331585,38.52
스피드(영화),"잭, 버스, 페인, 경찰, 폭탄, 승객, 애니, 후, 하워드, 지하철",스릴러,0.60904294,0.0,0.1315172022331585,38.52
플레이어(영화),"밀, 작가, 각본, 스튜디오, 편지, 레비, 자신, 협박, 담당",코미디,0.5891347,0.0,0.2075187486729242,38.46
돈(영화),"번호표, 뒤, 부자, 제안, 한지, 검사역, 수석, 사냥개, 없, 수수료",드라마,0.60795045,0.0,0.1315172022331585,38.45
튤립 피버(영화),"배경, 흥망성쇠, 가족, 암스테르담, 묵직하, 열풍, 시대극, 튤립, 드라마",드라마,0.5888721,0.0,0.2075187486729242,38.45
심판(영화),"법정, 마지막, 시작, 의문, 폭발, 싸움, 테러, 하루아침, 남편, 아들",범죄,0.6077874,0.0,0.1315172022331585,38.44
도마뱀(영화),"조강, 아리, 우비, 날, 다음날, 같, 짝, 시간, 리, 세월",로맨스,0.6077727,0.0,0.1315172022331585,38.44
스피드 레이서(영화),"레이서, 스피드, 이름, 로열튼, 프랜차이즈, 레이싱, 기업, 그랑프리, 스폰서, 가문",액션,0.60770696,0.0,0.1315172022331585,38.44
육식동물(영화),"호스티스, 동식, 아내, 종사, 사업, 업계, 부동산, 해방감, 일정, 열등감",기타,0.6065367,0.0,0.1315172022331585,38.36
로라(영화),"로라, 셸비, 수사, 마크, 시체, 다이앤, 형사, 얼굴, 용의자, 라이데커",기타,0.6060968,0.0,0.1315172022331585,38.34
리틀 포레스트(영화),"고향, 혜원, 사계절, 특별, 일상, 겨울, 은숙, 재하, 봄, 끼",드라마,0.60571605,0.0,0.1315172022331585,38.32
분노의 질주(영화),"브라이언, 도미닉, 조니, 경찰, 돔, 트레일러, 폭주족, 자신, 제시, 동료",기타,0.60513556,0.0,0.1315172022331585,38.28
마이 블러디 밸런타인(영화),"탄광, 해리, 책임자, 광산, 장면, 사람, 액슬, 심장, 생매장, 살인마",스릴러,0.60482556,0.0,0.1315172022331585,38.26
도가니(영화),"진실, 청각, 사건, 성폭력, 이야기, 인간, 교사, 학대, 대한민국, 마음",드라마,0.6047877,0.0,0.1315172022331585,38.26
경계선(영화),"티나, 자신, 후각, 보레, 감정, 남자, 능력, 있, 앞, 짐",스릴러,0.60443556,0.0,0.1315172022331585,38.24
창궐(영화),"세상, 조선, 야귀떼, 밤, 창궐, 사관, 종, 박을룡, 조우진, 박",공포,0.6042044,0.0,0.1315172022331585,38.23
갓 블레스 아메리카(영화),"프랭크, 네이버, 사회, 조장, 미디어, 넌더리, 총, 전, 뇌종양, 예의",드라마,0.6040333,0.0,0.1315172022331585,38.21
타임 패러독스(영화),"시간, 제인, 주인공, 아기, 말, 자신, 복선, 남자, 작가, 수술",SF,0.6038526,0.0,0.1315172022331585,38.2
프레데터(영화),"더치, 괴물, 프레데터, 없, 사냥, 게릴라, 부대, 딜런, 헬기, 함정",기타,0.60376734,0.0,0.1315172022331585,38.2
더 게임(미국 영화),"니콜라스, 자신, 콘래드, 크리스틴, 동생, 사람, 상황, 게임, 시작, 형",스릴러,0.6036208,0.0,0.1315172022331585,38.19
힐빌리의 노래(영화),"고향, 가족, 밖, 조우하, 없, 기억, 시절, 예일대, 법대, 어리",드라마,0.6034788,0.0,0.1315172022331585,38.18
귀향(한국 영화),"소녀, 은경이, 정민, 위안소, 아픔, 정민이, 타지, 현재, 있, 능력",드라마,0.6018285,0.0,0.1315172022331585,38.08
주먹이 운다(영화),"상환, 권투, 태식, 매, 분, 록, 신인왕전, 권, 없, 승리",드라마,0.60133004,0.0,0.1315172022331585,38.05
영주(영화),"영주, 부모, 교통사고, 학업, 자신, 동생, 형편, 포기, 가장, 소녀",드라마,0.60132974,0.0,0.1315172022331585,38.05
투혼(한국 영화),"윤도훈, 뒷수습, 사건, 사고, 집, 연속, 본격, 롯데, 자이언츠, 오유",기타,0.6010749,0.0,0.1315172022331585,38.04
파괴된 사나이(영화),"딸, 유괴범, 돈, 영수, 주영수, 주, 목사, 믿음, 산소",스릴러,0.58137935,0.0,0.2075187486729242,38.0
메트로폴리스(영화),"노동자, 프레더, 프레데센, 지하, 모습, 방, 로트, 아들, 마리아, 부르주아",SF,0.5997525,0.0,0.1315172022331585,37.96
세븐(영화),"범인, 밀스, 서머, 자신, 형사, 뒤, 사건, 경찰, 피해자, 협박",스릴러,0.59844285,0.0,0.1315172022331585,37.88
침묵(영화),"사건, 딸, 태산, 미라, 그날, 기억, 유나, 무죄, 약혼녀, 용의자",드라마,0.458707,0.3333333322222222,0.1315172022331585,37.83
그것만이 내 세상(영화),"동생, 조하, 진태, 시작, 챔피언, 생활, 지금, 동거, 불편, 없",코미디,0.59696734,0.0,0.1315172022331585,37.79
빌리 엘리어트(영화),"빌리, 발레, 아버지, 있, 자신, 아들, 소리, 영역, 이야기, 할머니",드라마,0.5964049,0.0,0.1315172022331585,37.76
히트(영화),"한나, 닐, 자신, 우울, 일상, 불안, 날, 생활, 특급, 결혼",범죄,0.5954845,0.0,0.1315172022331585,37.7
불청객(영화),"포인트, 맨, 계약, 진식, 수명, 자취방, 상자, 취업, 준비, 일",기타,0.5950268,0.0,0.1315172022331585,37.67
아가씨(영화),"아가씨, 백작, 하녀, 시작, 마음, 이모부, 숙희, 돈, 손, 장물아비",기타,0.5946164,0.0,0.1315172022331585,37.65
라라(영화),"힘들, 친구, 지필, 여자, 피아노곡, 미, 묘, 주인, 감정, 곡",로맨스,0.59458435,0.0,0.1315172022331585,37.65
로렐(영화),"인권, 극, 카운티, 지방, 병원, 모습, 제도, 부부, 시민결합, 부서장",기타,0.59457785,0.0,0.1315172022331585,37.65
데드 맨(영화),"블레이크, 분, 취직, 시작, 윌리엄, 아들, 의식, 인디언, 마을, 사장",드라마,0.5945546,0.0,0.1315172022331585,37.65
맥베스(영화),"맥베스, 탐욕, 왕좌, 분, 예언, 욕망, 전쟁, 겨울, 올, 결심",드라마,0.45541057,0.3333333322222222,0.1315172022331585,37.63
그놈 목소리(영화),"전화, 협박, 유괴범, 범죄, 아들, 사건, 시작, 부부, 아이, 상우",스릴러,0.45538372,0.3333333322222222,0.1315172022331585,37.63
어메이징 스파이더맨(영화),"있, 스토리, 피터, 전작, 시리즈, 스파이더맨, 점, 기존, 배트맨, 사람",기타,0.59327996,0.0,0.1315172022331585,37.57
직쏘(영화),"직쏘, 게임, 사망, 이후, 살해, 곳곳, 발견, 수사, 결과, 사람",기타,0.59165907,0.0,0.1315172022331585,37.47
데블(영화),"엘리베이터, 빌딩, 숫자, 악마, 사람, 라미레즈, 시작, 독백, 의문, 투신",스릴러,0.5912547,0.0,0.1315172022331585,37.45
캐산(영화),"연방, 아즈마, 전쟁, 인간, 신조, 연구, 박사, 지구, 날, 높",기타,0.59101135,0.0,0.1315172022331585,37.43
바다의 노래(영화),"시얼샤, 셀키, 코너, 벤, 브로나흐, 이후, 딸, 머리, 코트, 여동생",애니메이션,0.5890081,0.0,0.1315172022331585,37.31
리메인(영화),"수연, 완벽, 준희, 남자, 휠체어, 봉사, 치료, 무용, 날, 세혁",드라마,0.588711,0.0,0.1315172022331585,37.3
리벤지(프랑스 영화),"젠, 친구, 자비, 낭떠러지, 사막, 사냥, 여행, 성폭행, 연례행사, 이번",스릴러,0.5884099,0.0,0.1315172022331585,37.28
로마(2018년 영화),"거리, 애란, 중산층, 가족, 가정, 시련, 크, 일, 클레오, 인생",드라마,0.5883917,0.0,0.1315172022331585,37.28
더 보이스(영화),"없, 피오나, 냥이, 댕댕이, 순정, 콤비, 세상, 지금, 시작, 순도",스릴러,0.5874681,0.0,0.1315172022331585,37.22
레바논(영화),"전차, 무전, 당원, 갈, 명령, 밀, 시작, 헬기, 팔랑헤, 아시",전쟁,0.5871129,0.0,0.1315172022331585,37.2
블랙머니(영화),"사건, 금융, 검사, 피의자, 은행, 민혁, 직진, 말, 일명, 서울지검",범죄,0.5866234,0.0,0.1315172022331585,37.17
중앙역(영화),"조슈아, 편지, 사람, 여정, 분, 형제, 가족, 소년, 있, 아빠",드라마,0.5859974,0.0,0.1315172022331585,37.13
신데렐라(2015년 영화),"엘라, 엄마, 아버지, 용기, 착하, 마음, 리처드, 키트, 견습, 왕궁",로맨스,0.5853257,0.0,0.1315172022331585,37.09
박열(영화),"일본, 조선인, 박열, 역사, 영웅, 말, 항일, 조직, 운동, 조선",드라마,0.58509403,0.0,0.1315172022331585,37.08
메이헴(영화),"데릭, 타워스, 이사, 건물, 중역, 카라, 멜라니, 회사, 감염, 해결",코미디,0.5849767,0.0,0.1315172022331585,37.07
위자(영화),"게임, 친구, 없, 레인, 데비, 죽음, 위, 시작, 카메라, 혼자",공포,0.44423002,0.3333333322222222,0.1315172022331585,36.96
차일드 44(영화),"레오, 발견, 사고, 경찰, 아이, 사건, 대장, 민병대, 범죄, 네스테로프",드라마,0.4437523,0.3333333322222222,0.1315172022331585,36.93
귀여운 여인(영화),"비비안, 에드워드, 필립, 호텔, 인수, 부탁, 자신, 기업, 도움, 모스",코미디,0.58233714,0.0,0.1315172022331585,36.91
인랑(영화),"특기, 조직, 통일, 정부, 섹트, 비밀, 음모, 말살, 특기대, 절대",SF,0.44301787,0.3333333322222222,0.1315172022331585,36.89
베리드(영화),"속, 관, 정신, 땅, 이라크, 근무, 미국, 회사, 소속, 트럭",스릴러,0.58179724,0.0,0.1315172022331585,36.88
스위치(1991년 영화),"스티브, 여성, 말, 일, 뒤, 난봉, 아파트, 자신, 와중, 경비",기타,0.58156484,0.0,0.1315172022331585,36.87
투모로우랜드(영화),"투모로우랜드, 데이빗, 세계, 있, 브릿 로버트슨, 많, 호기심, 현명, 은둔, 케이시",SF,0.5984962,0.0,0.062765440682787,36.85
씽(영화),"참여, 노래, 울, 꿈, 동물, 자신, 과정, 오디션, 뮤지컬, 가수",뮤지컬,0.58090013,0.0,0.1315172022331585,36.83
스타워즈(영화),"루크, 은하, 제국, 공주, 오웬, 설계도, 행성, 자신, 큰아버지, 포스",기타,0.5806447,0.0,0.1315172022331585,36.81
기도의 막이 내릴 때(영화),"시신, 과거, 어머니, 노숙자, 교이치, 가, 사건, 발견, 여성, 부패",스릴러,0.5806277,0.0,0.1315172022331585,36.81
크로니클(영화),"초능력, 앤드류, 자신, 물체, 맷, 빛, 정체, 불명, 운전자, 학교",SF,0.5800811,0.0,0.1315172022331585,36.78
스카우트(영화),"선동열, 분, 호창, 영, 대학, 서울, 호, 입원, 야구부, 상사",코미디,0.5800333,0.0,0.1315172022331585,36.77
이글 아이(영화),"아리아, 작전, 제리, 테러리스트, 쇼, 미국, 전화, 암살, 레이첼, 대통령",스릴러,0.57968634,0.0,0.1315172022331585,36.75
식구(영화),"순식, 재구, 가족, 아빠, 엄마, 전전, 하루하루, 공사판, 의미, 밥",드라마,0.5794276,0.0,0.1315172022331585,36.74
엘리펀트 맨(영화),"존, 단장, 프레드릭, 메릭, 서커스, 말, 병원, 릭, 기형, 얼굴",드라마,0.5793569,0.0,0.1315172022331585,36.73
셜록 홈즈(2009년 영화),"블랙, 우드, 기계, 홈즈, 이용, 결사, 살해, 기술, 모리어티, 영국",액션,0.57907265,0.0,0.1315172022331585,36.72
카게무샤(영화),"카게무샤, 신, 신겐, 도둑, 겐, 다케다, 행동, 카츠, 요리, 군",드라마,0.57884896,0.0,0.1315172022331585,36.7
친구가 남긴 영화 티켓,"신도, 친구, 마츠게, 티켓, 말, 책상, 여학생, 무덤, 이야기",기타,0.55888504,0.0,0.2075187486729242,36.65
블레이드 소울(영화),"폭군, 함락, 딜러, 왈라키아, 세기, 전장, 이끼, 무기, 붉, 블러드",전쟁,0.57740384,0.0,0.1315172022331585,36.62
하라키리(영화),"낭인, 할복, 모토메, 가문, 저택, 일, 츠쿠모, 없, 가신, 배",기타,0.5773338,0.0,0.1315172022331585,36.61
GO(영화),"아버지, 스기하라, 학교, 카토, 민족, 조선, 한국인, 국적, 사쿠라이, 일",기타,0.57638615,0.0,0.1315172022331585,36.56
월하(영화),"비석, 기생월향지묘, 일행, 말, 카메라, 영상, 안내자, 안내, 없, 계약",스릴러,0.5759688,0.0,0.1315172022331585,36.53
닥터후: TV영화,"닥터, 마스터, 타디스, 챙, 때, 그레이스, 수술, 이후, 뒤, 병원",기타,0.5752396,0.0,0.1315172022331585,36.49
클리프행어(영화),"게이브, 돈, 가방, 요원, 터커, 제스, 구조, 수송기, 트레버스, 헬기",액션,0.57519376,0.0,0.1315172022331585,36.48
전역(러시아 영화),"게냐, 봄바, 장교, 장군, 선임, 말, 부대, 돼지, 자대, 병사",기타,0.574873,0.0,0.1315172022331585,36.47
라스트 크리스마스(영화),"없, 크리스마스, 톰, 신청, 자신, 데이트, 자원봉사, 있, 날, 일상",코미디,0.5747825,0.0,0.1315172022331585,36.46
벌룬(영화),"탈출, 가족, 시도, 피터, 열기구, 위험, 극, 이번, 속, 친구",드라마,0.5740675,0.0,0.1315172022331585,36.42
콥스파티 Book of Shadows(영화),"나오미, 친구, 아유미, 말, 사치, 사치코, 모습, 세계, 등장, 히노에",공포,0.5737136,0.0,0.1315172022331585,36.4
피노키오의 모험(영화),"피노키오, 제페토, 이후, 로렌지니, 인형, 자신, 말, 나무, 아이, 사랑",판타지,0.43389696,0.3333333322222222,0.1315172022331585,36.34
호튼(영화),"호튼, 마을, 작, 정글, 시장, 먼지, 크, 감지, 속, 위기",코미디,0.57270294,0.0,0.1315172022331585,36.33
소원(영화),"소원, 기적, 대한민국, 같, 이야기, 괜찮아, 감동, 곳, 아프, 없",범죄,0.57239616,0.0,0.1315172022331585,36.32
Who Am I(영화),"해커, 집단, 클레이, 조직, 회사, 사건, 히틀러, 옹호, 금융, 제약",스릴러,0.5722722,0.0,0.1315172022331585,36.31
브라트(러시아 영화),"빅토르, 스볘타, 자신, 쿠르글리, 다닐라, 말, 돈, 집, 형, 부하",범죄,0.57195544,0.0,0.1315172022331585,36.29
박수칠 때 떠나라(영화),"수사, 중계, 없, 김영훈, 현장, 용의자, 쇼, 속, 방송, 사건",코미디,0.57190466,0.0,0.1315172022331585,36.29
나쁜남자(영화),"한기, 선화, 창녀, 창녀촌, 트럭, 바닷가, 기, 밀실, 정태, 달수",기타,0.5718102,0.0,0.1315172022331585,36.28
브이 포 벤데타(영화),"브이, 비, 핀치, 정권, 정부, 있, 방송, 노스파이어, 서틀러, 방송국",기타,0.5716887,0.0,0.1315172022331585,36.27
우상(영화),"아들, 사고, 없, 진실, 인생, 비밀, 자신, 천우희, 최련화, 당일",스릴러,0.43252766,0.3333333322222222,0.1315172022331585,36.26
탈출(영화),"호텔, 당, 목소리, 리, 선, 괴한, 버스, 폭탄, 요원, 홍콩",코미디,0.5712786,0.0,0.1315172022331585,36.25
버니(영화),"버니, 부인, 누젠트, 사람, 이후, 마을, 능력, 선고, 선물, 장례식",기타,0.57080686,0.0,0.1315172022331585,36.22
배트맨(1989년 영화),"조커, 배트맨, 네이피어, 잭, 비키 베일, 부모, 배트, 정체, 때, 도시",액션,0.58769685,0.0,0.062765440682787,36.2
시간을 달리는 소녀/영화,"엄마, 아카리, 사랑, 카즈코, 대학, 없, 세기, 이메일, 여고생, 핸드폰",SF,0.42964265,0.3333333322222222,0.1315172022331585,36.08
사냥(영화),"산, 사냥, 엽사, 발견, 노파, 사고, 기성, 금맥, 금, 무리",스릴러,0.56757224,0.0,0.1315172022331585,36.03
짱(영화),"전국, 밴드, 문제아, 부, 임용, 고시, 음악, 성적, 하위, 교생",기타,0.5665676,0.0,0.1315172022331585,35.97
공조(영화),"북한, 형사, 철령, 공조, 수사, 동판, 작전, 조직, 차기, 남한",액션,0.56597954,0.0,0.1315172022331585,35.93
칼리토(영화),"칼리토, 토니 몬타나, 장면, 속, 처음, 칼리, 토, 사람, 손",드라마,0.5659099,0.0,0.1315172022331585,35.93
장산범(영화),"희연, 여자, 애, 무당, 목소리, 남자, 민호, 아내, 딸, 범",공포,0.56576777,0.0,0.1315172022331585,35.92
천년호(2003년 영화),"신라, 자운비, 아우타, 비하, 어둠, 사랑, 몸, 주술, 목, 부족",기타,0.42685068,0.3333333322222222,0.1315172022331585,35.92
대호(영화),"대호, 조선, 포수, 최고, 호랑이, 일본군, 마지막, 지리산, 천만덕, 아들",드라마,0.56543404,0.0,0.1315172022331585,35.9
메이데이(영화),"출몰, 퇴치, 악령, 공포, 비행기",액션,0.4399189,0.0,0.6315172015118111,35.87
반도(영화),"반도, 폐허, 탈출, 정석, 전, 땅, 재난, 전대미문, 후, 기회",기타,0.56319827,0.0,0.1315172022331585,35.76
레전드(영화),"유니콘, 릴리, 잭, 반지, 세계, 세상, 순수, 악귀, 빛, 물속",모험,0.5621998,0.0,0.1315172022331585,35.7
7광구(영화),"괴물, 정, 7광구, 시추, 현정, 모습, 대원, 장면, 본부",SF,0.54309213,0.0,0.2075187486729242,35.7
완득이(영화),"완득, 똥주, 동주, 인생, 자신, 완득이, 학교, 없, 삼촌, 존재",드라마,0.56201595,0.0,0.1315172022331585,35.69
페드라(영화),"알렉시스, 페드라, 타노스, 사이, 드, 페, 해안가, 같, 크릴리스",기타,0.5424222,0.0,0.2075187486729242,35.66
후아유(영화),"게임, 인주, 후아유, 형태, 수족관, 불의, 선수, 사고, 수영, 청각",로맨스,0.56127554,0.0,0.1315172022331585,35.65
매트릭스(영화),"매트릭스, 인간, 현실, 가상, 안, 꿈, 네오, 모피어스, 세계, 프로그램",기타,0.560824,0.0,0.1315172022331585,35.62
복수는 나의 것(1979년 영화),"에노키즈, 하루, 뼈, 자신, 카즈코, 아버지, 여관, 어머니, 공중",기타,0.5415493,0.0,0.2075187486729242,35.61
동주(영화),"동주, 시대, 일본, 규, 몽, 청년, 허락, 윤동주, 일제, 라이벌",드라마,0.5604864,0.0,0.1315172022331585,35.6
10년(영화),"이야기, 감독, 인공지능, 통제, 교육, 디지털, 유산, 권리, 안락사, 환경오염",드라마,0.5600504,0.0,0.1315172022331585,35.58
퍼제션(영화),"안나, 마크, 집, 없, 고용, 사립탐정, 정체, 자신, 인물, 스파이",스릴러,0.55927896,0.0,0.1315172022331585,35.53
나인(영화),"분, 여자, 양손, 귀도, 콘티니, 대니얼 데이 루이스, 제작, 신작, 시나리오, 주변",뮤지컬,0.59215033,0.0,0.0,35.53
니키타(영화),"니키타, 밥, 빅터, 대사, 마르코, 자신, 경비원, 없, 총, 화장실",액션,0.5587485,0.0,0.1315172022331585,35.5
이레이저 헤드(영화),"헨리, 메리, 아파트, 아기, 사람, 분, 친구, 여자, 경계선",드라마,0.5386039,0.0,0.2075187486729242,35.43
고지전(영화),"수혁, 중대장, 악어, 중대, 전선, 중위, 표, 작전, 전투, 동부",드라마,0.5567649,0.0,0.1315172022331585,35.38
프리즈너(영화),"교도소, 격투, 자신, 살인, 진범, 신세, 게임, 형사, 손, 목숨",액션,0.5560415,0.0,0.1315172022331585,35.34
7급 공무원(영화),"수지, 한국, 팀, 마피아, 강지환, 여행, 가이드, 안수지, 김하늘, 이재준",코미디,0.55560935,0.0,0.1315172022331585,35.31
트래픽(영화),"분, 마약, 멕시코, 국경, 남편, 미국, 부인, 돈, 마노, 자신",스릴러,0.5549765,0.0,0.1315172022331585,35.27
안나(영화),"위장, 제거, 강력, 위협, 킬러, 사샤 루스, 안나, 하드코어, 모델, 톱",범죄,0.57196623,0.0,0.062765440682787,35.26
디바이드(영화),"지하실, 군인, 식량, 정신, 에바, 미키, 없, 사람, 파일, 샘",공포,0.55438155,0.0,0.1315172022331585,35.24
사자(영화),"아버지, 악, 단속, 없, 후, 용, 상처, 부분, 안, 신부",액션,0.5542215,0.0,0.1315172022331585,35.23
Twins(영화),"고아원, 줄리어스, 유전자, 빈센트, 쌍둥이, 엘리트, 열성, 형질, 주차, 위반",코미디,0.55392987,0.0,0.1315172022331585,35.21
토너먼트(영화),"킬러, 있, 신부, 토너먼트, 우승자, 참가자, 첸, 상금, 라이, 시작",기타,0.5532793,0.0,0.1315172022331585,35.17
이것이 법이다(영화),"형사, 분, 수사, 사건, 살해, 홈페이지, 봉, 강력반, 특수부, 반",범죄,0.55234385,0.0,0.1315172022331585,35.11
원더랜드(2021년 영화),"인공지능, 있, 세상, 사람, 원더랜드, 시작, 이제, 영상, 통화, 예상",SF,0.55230504,0.0,0.1315172022331585,35.11
올가미(영화),"수진, 동우, 진숙, 집, 친구, 계단, 없, 사람, 지하실, 때",스릴러,0.5521669,0.0,0.1315172022331585,35.1
퍼블릭 에너미(영화),"존 딜린저, 범죄, 은행, 검거, 선포, 수사력, 전설, 미국, 고조, 경제",스릴러,0.44214714,0.303030302020202,0.062765440682787,35.05
메이즈 러너(영화),"미로, 없, 날, 자신, 소년, 기억, 있, 삭제, 순간, 기로",스릴러,0.5510278,0.0,0.1315172022331585,35.03
계엄령(영화),"산토레, 세력, 마이클, 고문, 경우, 혁명, 극좌, 우루과이, 미국",기타,0.53118134,0.0,0.2075187486729242,34.98
이상한 나라의 앨리스(영화),"앨리스, 여왕, 붉, 모자, 장수, 말, 희, 자신, 토끼, 날",모험,0.5491965,0.0,0.1315172022331585,34.92
김군(영화),"군, 광주, 사진, 포착, 기억, 남자, 김, 군용, 동네, 트럭",다큐멘터리,0.54883075,0.0,0.1315172022331585,34.9
하모니(한국 영화),"공연, 합창단, 와중, 교도소, 남편, 아이, 사형, 아들, 정혜, 아기",드라마,0.54834276,0.0,0.1315172022331585,34.87
악마는 프라다를 입는다(영화),"같, 앤드리아, 꿈, 런웨이, 미란다, 화려하, 야근, 풀, 패션, 최고",코미디,0.5483122,0.0,0.1315172022331585,34.87
뮬란(영화),"뮬란, 황제, 보리, 칸, 장군, 부대, 화, 중국, 아버지, 군",모험,0.54814,0.0,0.1315172022331585,34.86
인페스테이션(영화),"벌레, 사람, 도시, 거대, 고치, 같, 끔살, 공격, 안, 자신",공포,0.54792196,0.0,0.1315172022331585,34.85
메소드(영화),"연기, 자신, 메소드, 진심, 이상, 열정, 사이, 영우, 완벽, 무대",드라마,0.5468957,0.0,0.1315172022331585,34.79
해어화(영화),"노래, 윤우, 소율, 연희, 마음, 마지막, 최고, 기생, 예인, 목소리",드라마,0.5465929,0.0,0.1315172022331585,34.77
지오스톰(영화),"제이크, 맥스, 보이, 대통령, 더치, 위성, 정거장, 사실, 미국, 있",SF,0.5464214,0.0,0.1315172022331585,34.76
혹성탈출(영화),"테일러, 말, 코넬리우스, 인간, 자신, 박사, 자이우스, 우주선, 기병, 고릴라",기타,0.54624224,0.0,0.1315172022331585,34.75
러브레터(일본 영화),"이츠키, 히로코, 편지, 자신, 히로, 코, 장면, 없, 주소, 말",드라마,0.5460587,0.0,0.1315172022331585,34.74
독고다이(영화),"수아, 현정, 선희, 학교, 일진, 패거리, 여자, 시절, 모범, 평화",액션,0.54576683,0.0,0.1315172022331585,34.72
젠틀맨 리그(영화),"습격, 영국, 전차, 괴한, 독일, 복장, 군, 공장, 비행선, 메인",기타,0.5456884,0.0,0.1315172022331585,34.71
핸드폰(영화),"핸드폰, 승미, 진아, 동영상, 이규, 승민, 요구, 민, 윤호, 섹스",기타,0.5456229,0.0,0.1315172022331585,34.71
영화 비밀의 코코타마 기적을 일으키는♪ 텟플과 두근두근 코코타마계,"코코밍, 세계, 세상, 해피, 초대, 시작, 때, 푸르밍, 입구, 마이너스",판타지,0.54555506,0.0,0.1315172022331585,34.71
링스(영화),"줄리아, 홀트, 사마, 영상, 비디오, 자신, 여자, 저주, 카터, 말",공포,0.54499054,0.0,0.1315172022331585,34.67
K-12(영화),"학교, 좋, 소녀, 가부장, 외관, 전통, 아래, 가이드, 물론, 도움",뮤지컬,0.5444708,0.0,0.1315172022331585,34.64
드래곤 기사단(영화),"기사단, 드래곤, 전사, 광, 왕국, 공격, 대결, 시작, 추격, 카토리",모험,0.5442563,0.0,0.1315172022331585,34.63
조제(영화),"조제, 자신, 영석, 감정, 시작, 단둘, 낯설, 할머니, 집, 책",드라마,0.5441947,0.0,0.1315172022331585,34.62
나는 전설이다(영화),"네빌, 샘, 감염자, 집, 자신, 후, 없, 말, 시작, 곳",공포,0.5433362,0.0,0.1315172022331585,34.57
경의선(영화),"한나, 만수, 열차, 사건, 대학, 분, 없, 경의선, 일상, 기차",기타,0.543078,0.0,0.1315172022331585,34.56
커넥트(영화),"올리버, 미스터리, 휴대폰, 필사, 디바이스, 엄마, 자신, 전자, 타깃, 책",공포,0.542689,0.0,0.1315172022331585,34.53
실미도(영화),"부대, 실미도, 훈련, 특수, 부대원, 창설, 병, 기간, 대원, 모습",스릴러,0.5425101,0.0,0.1315172022331585,34.52
톰 오브 핀란드(영화),"연출, 톰 오브 핀란드, 삶, 세계, 음악, 인정, 시작, 미국, 세상, 조금",드라마,0.5749724,0.0,0.0,34.5
라플라스의 마녀(영화),"사건, 살인, 사망, 발생, 휴양지, 온천, 가능, 황화 수소, 중독, 사고",스릴러,0.5576736,0.0,0.062765440682787,34.4
메가로돈(영화),"심해, 없, 미션, 목숨, 제이슨 스타뎀, 조사, 전문, 다이버, 전직, 이자",SF,0.5576201,0.0,0.062765440682787,34.4
크롤(영화),"아버지, 악어, 집, 허리케인, 물, 데이브, 폭풍우, 연락, 지하실, 언니",스릴러,0.5393637,0.0,0.1315172022331585,34.33
안해(영화),"부부, 아내, 민호, 식구, 오늘, 지영, 의사, 남편, 사이, 보영",멜로,0.53846264,0.0,0.1315172022331585,34.28
로봇(인도영화),"치티, 로봇, 보라, 후, 박사, 이후, 바시가란, 자신, 교수, 사나",SF,0.53813106,0.0,0.1315172022331585,34.26
체인 리액션(영화),"연구, 에너지, 릴리, 결과, 자신, 박사, 살인, 생산, 폭발, 성공",스릴러,0.5381007,0.0,0.1315172022331585,34.26
캠페인(영화),"의원, 브래디, 정치, 홍보, 허긴스, 선전, 공격, 험담, 인신, 대신",코미디,0.53749585,0.0,0.1315172022331585,34.22
예스터데이(영국 영화),"잭, 비틀즈, 순간, 음악, 세계, 오아시스, 묘사, 존재, 분야, 최고",코미디,0.5374942,0.0,0.1315172022331585,34.22
성공시대(영화),"판촉, 김, 맛, 소비, 성, 아그마, 제품, 자신, 면접, 유미사",기타,0.5348997,0.0,0.1315172022331585,34.07
스마일 어게인(영화),"여자, 아픔, 분류, 공유, 치유, 인정, 진주, 만남, 한국",드라마,0.51443744,0.0,0.2075187486729242,33.98
하이힐(영화),"남자, 모습, 자신, 강력, 지욱, 형사, 범인, 이제, 제압, 능력",드라마,0.5330209,0.0,0.1315172022331585,33.95
게이트(2018년 영화),"설계도, 대한민국, 인생, 금고, 역전, 이상, 대박, 탕, 마지막, 아파트",코미디,0.53278345,0.0,0.1315172022331585,33.94
재심(영화),"현우, 영, 사건, 변호사, 끝, 벼랑, 빽, 진심, 돈, 없",드라마,0.5315248,0.0,0.1315172022331585,33.86
더 킹(영화),"권력, 대한민국, 예상, 앞, 기회, 판, 시기, 중요, 교체, 정권",범죄,0.53103656,0.0,0.1315172022331585,33.83
프레스티지(영화),"앤지어, 마술, 마술사, 사건, 순간이동, 자신, 콜드, 선고, 경의, 사형",스릴러,0.5294651,0.0,0.1315172022331585,33.74
백두산(영화),"폭발, 작전, 창, 백두산, 재난, 인, 남, 북, 북한, 투입",드라마,0.52847975,0.0,0.1315172022331585,33.68
메모리즈(영화),"민호, 메모, 주인, 집, 일상, 주변, 사람, 발견, 느낌, 작",드라마,0.5280565,0.0,0.1315172022331585,33.66
비바리움(영화),"집, 없, 곳, 선택, 욘더, 개인, 앞, 마을, 소개, 방향",SF,0.5273591,0.0,0.1315172022331585,33.61
너에게 닿기를(영화),"카제하야, 사와코, 아이, 자신, 여자, 진짜, 코, 감정, 사, 있",드라마,0.5261956,0.0,0.1315172022331585,33.54
시카고(영화),"록시, 빌리, 살인, 쇼, 무대, 시카고, 최고, 사건, 디바, 불",뮤지컬,0.5261368,0.0,0.1315172022331585,33.54
ST 적과 백의 수사파일(영화),"아카기, 유리, 특수, 반, 바이러스, 해커, 카부라기, 토오루의, 여자, 불",기타,0.5251193,0.0,0.1315172022331585,33.48
덕혜옹주(영화),"덕혜옹주, 어리, 대한제국, 박해일, 장, 마지막, 친구, 황녀, 고종, 황제",드라마,0.5249653,0.0,0.1315172022331585,33.47
커튼콜(영화),"무대, 햄릿, 삼류, 연극, 극단, 에로, 민기, 일보, 직전, 위기",코미디,0.524321,0.0,0.1315172022331585,33.43
달콤한 인생(한국 영화),"없, 선우, 사장, 강, 순간, 희수, 말, 선택, 시작, 스카이라운지",범죄,0.52383626,0.0,0.1315172022331585,33.4
마스크(영화),"마스크, 스탠리, 티나, 안, 도리, 마일로, 돈, 은행, 부하, 없",코미디,0.5236174,0.0,0.1315172022331585,33.39
옥자(영화),"옥자, 미자, 미란도, 여정, 소녀, 단체, 각자, 보호, 이권, 동물",기타,0.52252275,0.0,0.1315172022331585,33.32
라쇼몽(영화),"밑, 승려, 사건, 날, 폐허, 나생문, 라쇼몽, 살인, 폭우, 비",기타,0.5222186,0.0,0.1315172022331585,33.31
플로렌스(영화),"플로렌스, 음치, 공연, 자신감, 문, 맥, 필드, 사고, 노래, 연주자",드라마,0.52218246,0.0,0.1315172022331585,33.3
그녀(영화),"사만다, 자신, 테오도르, 편지, 대신, 대필, 작가, 행복, 아내, 루니 마라",SF,0.41280225,0.303030302020202,0.062765440682787,33.29
당신이 잠든 사이에(영화),"루시, 피터, 남자, 약혼녀, 분, 가족, 사실, 없, 자신, 시작",코미디,0.5216343,0.0,0.1315172022331585,33.27
루시(영화),"루시, 장, 자신, 뇌, 부하, 마약, 델 리오, 운반, 파리, 책",스릴러,0.5382784,0.0,0.062765440682787,33.24
로우(영화),"쥐스틴, 채식주의자, 욕망, 학교, 간, 가족, 가업, 수의, 스티, 쥐",공포,0.3817409,0.3333333322222222,0.1315172022331585,33.21
골든 슬럼버(2010년 영화),"총리, 아오야기, 친구, 암살범, 증거, 의문, 경찰, 사건, 가운데, 헬기",스릴러,0.51993144,0.0,0.1315172022331585,33.17
언덕길의 아폴론(영화),"우정, 카오루, 친구, 첫사랑, 좋, 피아노, 고마츠 나나, 리츠코, 리츠코네, 소꿉친구",드라마,0.41018158,0.303030302020202,0.062765440682787,33.13
자칼(2017년 영화),"저스틴, 별장, 가족, 지미, 자신, 앞, 세뇌, 거부, 가출, 아들",공포,0.51921,0.0,0.1315172022331585,33.13
곤지암(영화),"병원, 곤지암, 정신, 공포, 체험, 집단, 시작, 괴담, 멤버, 실체",스릴러,0.5190877,0.0,0.1315172022331585,33.12
분노(영화),"일, 사랑, 친구, 없, 나오토, 유마, 의심, 시작, 도쿄, 타시로",스릴러,0.37988737,0.3333333322222222,0.1315172022331585,33.1
캣츠(영화),"기회, 같, 운명, 밤, 축제, 마법, 있, 하루, 삶, 고양이",뮤지컬,0.3797036,0.3333333322222222,0.1315172022331585,33.09
옥자(영화)/줄거리,"옥자, 미자, 돼지, 슈퍼, 제이, 자신, 낸시, 루시, 미란, 도사",기타,0.51787496,0.0,0.1315172022331585,33.05
어비스(영화),"버드, 딥, 코어, 팀, 린지, 호, 핵탄두, 대위, 해구, 없",SF,0.5173883,0.0,0.1315172022331585,33.02
남부군(영화),"이태, 전투, 가운데, 합류, 남부군, 눈, 전북, 낙오, 전주, 기자",전쟁,0.5163834,0.0,0.1315172022331585,32.96
자카르타(영화),"은행, 부사장, 무리, 털이, 가장, 경찰, 금고, 같, 바닥, 임창정",기타,0.5159214,0.0,0.1315172022331585,32.93
학교생활!(영화),"여고, 시선, 따뜻하, 악전고투, 학교, 세상, 비의, 생활, 좀비, 없",기타,0.515674,0.0,0.1315172022331585,32.91
써커 펀치(영화),"소녀, 탈출, 병동, 전두엽, 다양, 절제술, 속, 내용, 해당, 상상",스릴러,0.5148949,0.0,0.1315172022331585,32.87
패닉 룸(영화),"패닉 룸, 안, 분, 맥, 집, 외부, 딸, 주니어, 폐소공포증, 차지",스릴러,0.53177154,0.0,0.062765440682787,32.85
핸콕(영화),"핸콕, 레이, 메리, 자신, 말, 사람, 없, 애런, 집, 경찰",코미디,0.51446337,0.0,0.1315172022331585,32.84
해운대(영화),"쓰나미, 연희, 엄청나, 순간, 마음, 만식, 인도네시아, 김휘, 해운대, 박사",모험,0.5143053,0.0,0.1315172022331585,32.83
적과의 동침(영화),"로라, 마틴, 벤, 수영, 시작, 아내, 날, 남편, 이름, 사라",스릴러,0.5130598,0.0,0.1315172022331585,32.76
405(영화),"상황, 고속, 도로, 비행기, 후, 캘리포니아, 일촉즉발, 운전자, 할머니, 사실",기타,0.51295626,0.0,0.1315172022331585,32.75
비연(영화),"인기, 춤, 뮤지션, 사람, 레이, 문화, 여자친구, 언어, 댄서, 리친",코미디,0.5124056,0.0,0.1315172022331585,32.72
더 팬(영화),"바비, 길, 자신, 프리모, 팬, 나이프, 아들, 팀, 집착, 선수",스릴러,0.5118446,0.0,0.1315172022331585,32.68
레퀴엠(영화),"해리, 돈, 쇼, 사라, 타이론, 헤로인, 유통, 드레스, 암페타민, 약",드라마,0.51174766,0.0,0.1315172022331585,32.68
레더페이스(영화),"레더페이스, 괴물, 목격, 공포, 정신, 파괴, 병원, 정신세계, 간호사, 딸",공포,0.511389,0.0,0.1315172022331585,32.66
버드맨(영화),"배우, 할리우드, 버드맨, 멀, 도전, 없, 브로드웨이, 무대, 슈퍼히어로, 예고",코미디,0.51135886,0.0,0.1315172022331585,32.65
플라이트(영화),"휘태커, 술, 음주, 상태, 있, 상황, 추락, 비행, 마약, 찰리",드라마,0.51132435,0.0,0.1315172022331585,32.65
알리(영화),"운동, 사건, 미국, 알리, 세계, 시대, 가쁘, 헤비급, 챔피언, 숨",드라마,0.51130986,0.0,0.1315172022331585,32.65
손톱(영화),"소영, 혜란, 남편, 정민, 정신, 없, 동창, 날, 임신, 담배",기타,0.51109195,0.0,0.1315172022331585,32.64
비밀(일본 영화),"나오코, 모나미, 딸, 몸, 헤이스, 자신, 남편, 헤이스케, 없, 부부",기타,0.51105136,0.0,0.1315172022331585,32.64
아마겟돈(영화),"해리, 그레이스, 상황, 시추, 소행성, 멤버, 자신, 우주, 없, 때",모험,0.5104956,0.0,0.1315172022331585,32.6
블랙(영화),"미셸, 선생, 사하이, 자신, 없, 사람, 있, 여동생, 단어, 과정",드라마,0.5096685,0.0,0.1315172022331585,32.55
강령(영화),"코, 카츠히코, 같, 어둠, 속, 공포, 소녀, 애, 유괴, 어리",공포,0.5091639,0.0,0.1315172022331585,32.52
그레이하운드(영화),"선단, 출항, 애인, 독일군, 플레처, 행운, 급, 문제, 구축함, 거리",전쟁,0.5080058,0.0,0.1315172022331585,32.45
탈옥(영화),"탈옥, 소장, 죄수, 협박, 상황, 간수, 후, 출소, 원한, 교도소장",드라마,0.36890784,0.3333333322222222,0.1315172022331585,32.44
사선에서(영화),"프랭크, 대통령, 밋치, 암살, 총, 릴리, 경호원, 암살범, 파트너, 압박",드라마,0.50745517,0.0,0.1315172022331585,32.42
크랙(영화),"피아마, 다이빙, 미스, 소녀, 규칙, 고립, 여학생, 선망, 대상, 엄격",드라마,0.5068802,0.0,0.1315172022331585,32.39
겅호(영화),"자동차, 미국, 결말, 갈등, 문화, 각종, 사, 일본인, 노조",코미디,0.48774242,0.0,0.2075187486729242,32.38
태극권(영화),"천보, 군, 보, 사부, 자신, 군보, 무술, 유당, 소림사, 태극권",기타,0.5066658,0.0,0.1315172022331585,32.37
0.0MHz(영화),"증명, 미스터리, 없, 우하리, 유령, 탐지기, 주파수, 귀신, 동아리, 멤버",공포,0.5064504,0.0,0.1315172022331585,32.36
픽셀(영화),"게임, 아타리, 외계인, 메시지, 지구, 캐릭터, 일본, 웹툰, 자체, 능력",코미디,0.50638646,0.0,0.1315172022331585,32.36
러브레터(미국 영화),"편지, 사람, 분, 헬렌, 남자, 쟈니, 쟈넷, 친구, 러브레터, 조지",코미디,0.5047887,0.0,0.1315172022331585,32.26
퀵실버(영화),"테리, 거래, 잭, 자전거, 시, 집, 동료, 부두, 없",드라마,0.4849899,0.0,0.2075187486729242,32.21
질풍론도(영화),"무기, 생화학, 쿠리바야시, 시간, 연구소, 비밀리, 범인, 시설, 값, 몸",기타,0.3645907,0.3333333322222222,0.1315172022331585,32.18
인천상륙작전(영화),"인천, 작전, 사령관, 수, 장학, 지역, 첩보, 상륙, 가능, 시작",전쟁,0.5027122,0.0,0.1315172022331585,32.14
오블리비언(영화),"지구, 잭, 자신, 환경, 마지막, 타이탄, 시작, 임무, 수행, 지상",기타,0.502661,0.0,0.1315172022331585,32.13
별이 빛나는 밤(영화),"샤오메이, 위지에, 어머니, 말, 할아버지, 위지, 퍼즐, 모습, 집, 부모",기타,0.5025742,0.0,0.1315172022331585,32.13
댄싱퀸(영화),"후보, 선거, 남편, 가수, 시장, 서울시장, 다이나믹, 위험천만, 사이, 마돈나",코미디,0.5021392,0.0,0.1315172022331585,32.1
아바타(영화),"나비, 제이크, 족, 판도라, 아바타, 있, 인간, 네이티리, 행성, 조종",기타,0.5018105,0.0,0.1315172022331585,32.08
천군(영화),"개발, 박정우, 사람, 여진족, 길, 강민, 없, 건달, 핵무기, 김수연",기타,0.5017014,0.0,0.1315172022331585,32.07
콘스탄틴(영화),"콘스탄틴, 존, 안젤라, 지옥, 악마, 루시퍼, 자신, 가브리엘, 신, 이사벨",스릴러,0.50148857,0.0,0.1315172022331585,32.06
펄프 픽션(영화),"빈센트, 마르셀러스, 줄스, 집, 미아, 차, 줄, 총, 아파트, 시계",범죄,0.50134796,0.0,0.1315172022331585,32.05
아무르(영화),"아내, 조르주, 안느, 음악가, 출신, 마음, 부부, 몸, 하루, 다르",드라마,0.5007739,0.0,0.1315172022331585,32.02
노예 12년(영화),"솔로몬, 노예, 포드, 주인, 백인, 엡스, 없, 말, 자신, 자유인",드라마,0.49865216,0.0,0.1315172022331585,31.89
내사랑 내곁에(영화),"종우, 지수, 환자, 몸, 곁, 마비, 상태, 의지, 병, 투병",기타,0.4985341,0.0,0.1315172022331585,31.88
땐뽀걸즈(영화),"선생, 현빈, 연습, 땐뽀, 무대, 집, 반, 시간, 지현이, 아버지",기타,0.49846977,0.0,0.1315172022331585,31.88
굿타임(영화),"동생, 코니, 뉴욕, 형제, 털이, 결심, 현금, 도주, 닉, 은행",스릴러,0.49832582,0.0,0.1315172022331585,31.87
절규(영화),"자신, 요시오카, 살인, 친구, 호전, 증세, 타카시, 치료, 의사, 정신과",스릴러,0.49799436,0.0,0.1315172022331585,31.85
진격의 거인(2015년 영화),"거인, 등장, 원작, 엘런 예거, 스토리, 미카사 아커만, 다르, 이야기, 벽",액션,0.5142463,0.0,0.062765440682787,31.8
올리버!(영화),"올리버, 소매치기, 아이, 로우, 브라운, 거리, 구빈원, 재판, 대, 두목",뮤지컬,0.49701807,0.0,0.1315172022331585,31.79
나이팅게일(영화),"호킨스, 클레어, 시작, 복수, 없, 호주, 노랫소리, 태즈메이니아, 나이팅게일, 날",스릴러,0.35800135,0.3333333322222222,0.1315172022331585,31.79
브루클린(영화),"리스, 에일, 브루클린, 아일랜드, 만남, 시작, 계기, 독립, 밤, 뉴요커",드라마,0.4967085,0.0,0.1315172022331585,31.78
해프닝(영화),"사람, 엘리엇, 일행, 없, 독소, 집, 식물, 안, 줄리, 발생",기타,0.49629697,0.0,0.1315172022331585,31.75
Z(영화),"정부, 테러, 기자, 테러범, 사람, 군부, 검사, 이브, 신문, 단체",기타,0.49601227,0.0,0.1315172022331585,31.73
크레용 신짱 폭풍을 부르는 카스카베 영화 스타즈!,"촬영, 카스카베, 신노스케가, 때, 클래퍼, 보드, 개최, 노스, 독특",기타,0.47691378,0.0,0.2075187486729242,31.73
휘트니(영화),"팝, 사랑, 석권, 연속, 빌보드, 여왕, 싱글, 차트, 누적, 삶",드라마,0.35679314,0.3333333322222222,0.1315172022331585,31.71
슬럼독 밀리어네어(영화),"자말, 퀴즈, 쇼, 최종, 상금, 천재, 좋, 운명, 운, 뭄베이",기타,0.3553737,0.3333333322222222,0.1315172022331585,31.63
하이힐(스페인 영화),"베키, 엄마, 마누엘, 레베카, 때, 가수, 빅토리아 아브릴, 마리사 파레데스, 팝, 형사",드라마,0.5270162,0.0,0.0,31.62
아웃사이더(영화),"포니, 조니, 댈러스, 소스, 체리, 포니보이, 교회, 아이, 때, 상태",드라마,0.4926339,0.0,0.1315172022331585,31.53
집으로 가는 길(영화),"있, 부탁, 마약, 친구, 남편, 섬, 마르티니크, 프랑스령, 거리, 비행기",드라마,0.49143705,0.0,0.1315172022331585,31.46
두만강(영화),"창호, 두만강, 정진, 마을, 북한, 사이, 탈북자, 누이, 작, 소년",드라마,0.4900753,0.0,0.1315172022331585,31.38
식스 센스(영화),"말콤, 콜, 배우, 빈센트, 환자, 다락방, 도니 월버그, 파티, 말",공포,0.49005455,0.0,0.1315172022331585,31.38
뷰티풀 마인드(영화),"비밀, 자신, 존, 프린스턴, 일, 후, 암호, 같, 소련, 아인슈타인",드라마,0.34945813,0.3333333322222222,0.1315172022331585,31.27
바람(영화),"짱구, 학교, 몬스터, 학창, 시절, 광추, 폭력, 세계, 불법, 약육강식",드라마,0.48784125,0.0,0.1315172022331585,31.24
톰보이(영화),"파란색, 여름, 축구, 다정, 실력, 눈부시, 로레, 짧, 머리, 이름",드라마,0.48698658,0.0,0.1315172022331585,31.19
엑소시스트(영화),"리, 신부, 이상, 크리스, 의사, 소녀, 리건, 가톨릭, 병원",공포,0.46759102,0.0,0.2075187486729242,31.17
프로젝트 X(영화),"파티, 집, 홍보, 하우스, 부모, 여행, 화재, 인터넷, 고성방가, 사이",기타,0.48358753,0.0,0.1315172022331585,30.99
로켓맨(영화),"무대, 자신, 노래, 세상, 대중, 엘튼, 존, 태런, 에저튼, 히트곡",기타,0.48331684,0.0,0.1315172022331585,30.97
브루노(영화),"브루노, 흑인, 인터뷰, 매니저, 게이, 유명, 자신, 쇼, 같, 없",코미디,0.48280716,0.0,0.1315172022331585,30.94
반쪽 달이 떠오르는 하늘(영화),"병원, 입원, 유이치, 리카, 자신, 나츠메, 의사, 사랑, 성격, 리카도",기타,0.34361696,0.3333333322222222,0.1315172022331585,30.92
수어사이드 스쿼드(영화),"확장, 유니버스, 스토리, 문서",액션,0.31664693,0.0,0.792481249163033,30.89
아일랜드(영화),"아일랜드, 시험관, 아기, 장기, 대리모, 환경, 격리, 델타, 생활, 인간",스릴러,0.4816611,0.0,0.1315172022331585,30.87
광복절 특사(영화),"재필, 특사, 탈옥, 교도소, 무석, 결혼, 애인, 광복절, 감옥, 경",코미디,0.48119888,0.0,0.1315172022331585,30.84
큐어(영화),"사람, 범인, 기억, 마미야, 다카베, 질문, 자, 가슴, 엽기, 살인",스릴러,0.48031113,0.0,0.1315172022331585,30.79
에이리언 VS. 프레데터(영화),"프레데터, 남극, 피라미드, 에일리언, 인간, 사냥, 웨이랜드, 전사, 지구, 빙하",액션,0.47832522,0.0,0.1315172022331585,30.67
무사(영화),"고려, 분, 명나라, 지헌, 최정, 여솔, 고려인, 주, 명, 공주",기타,0.47747287,0.0,0.1315172022331585,30.62
파워퍼프걸(영화),"자매, 교수, 자신, 모조조조, 조조, 초능력, 컵, 버터, 케미컬, 사람",기타,0.47651187,0.0,0.1315172022331585,30.56
태백산맥(영화),"벌교, 염상, 김범우, 간부, 진, 빨치산, 경찰서, 구, 강동, 지주",전쟁,0.4763958,0.0,0.1315172022331585,30.56
딥 임팩트(영화),"제니, 울프, 아버지, 계산, 혜성, 가족, 지구, 천체, 세라",SF,0.45707986,0.0,0.2075187486729242,30.54
극한직업(영화),"마약, 반, 수사, 형사, 없, 치킨집, 마, 조직, 범죄, 장사",기타,0.3361558,0.3333333322222222,0.1315172022331585,30.48
가족(영화),"정환, 없, 아빠, 말, 정은이, 집, 있, 창원, 딸, 아버지",드라마,0.47380278,0.0,0.1315172022331585,30.4
어드벤처랜드(영화),"제임스, 엠, 놀이공원, 말, 커넬, 방학, 여름, 섹션, 피츠버그, 부모",로맨스,0.47210145,0.0,0.1315172022331585,30.3
디트로이트(영화),"밤, 그날, 디트로이트, 용의자, 알제, 모텔, 피해자, 목격자, 시작, 총성",스릴러,0.47096753,0.0,0.1315172022331585,30.23
카구야 님은 고백받고 싶어 ~천재들의 연애 두뇌전~(영화),"시노미야, 학생회, 춤, 이후, 불꽃놀이, 시로가네, 원작, 선거, 후지와라, 심장병",코미디,0.47034618,0.0,0.1315172022331585,30.19
파계(미국 영화),"가브리엘, 의사, 생활, 수도, 벨기에, 수녀, 이후, 송환, 세계, 대전",기타,0.4693522,0.0,0.1315172022331585,30.13
T-34(영화),"독일군, 탱크, 포로, 동료, 액션, 이부슈킨과, 소련, 차장, 자리, 소위",전쟁,0.46912166,0.0,0.1315172022331585,30.12
인턴(영화),"벤, 회사, 줄스, 줄, 스카웃, 외부, 매트, 사실, 관계, 없",코미디,0.46876243,0.0,0.1315172022331585,30.1
주노(영화),"주노, 아기, 신문, 바네사, 블리커, 선택, 친구, 부부, 결심, 아이",코미디,0.46751362,0.0,0.1315172022331585,30.02
가면라이더 1호(영화),"타케시, 소녀, 쇼커, 위기, 남자, 가면라이더, 혼고, 악, 타치바, 인간",기타,0.46693334,0.0,0.1315172022331585,29.99
공작(영화),"흑금성, 북, 공작, 안기부, 북한, 실체, 고위, 명, 신념, 조국",드라마,0.46541163,0.0,0.1315172022331585,29.9
바이러스(영화),"배, 태풍, 선장, 스타, 승무원, 선, 미르호, 생각, 정보, 재산",SF,0.46504316,0.0,0.1315172022331585,29.88
함정(영화),"성철, 소연, 식, 민희, 식당, 부부, 시작, 때, 산, 없",범죄,0.46492139,0.0,0.1315172022331585,29.87
그레텔과 헨젤(영화),"집, 남매, 오두막, 옛날, 속, 동화, 악몽, 반복, 끼, 밤",판타지,0.46488124,0.0,0.1315172022331585,29.87
오렌지 카운티(영화),"션, 합격, 스키너, 교수, 대학, 스탠포드, 카운티, 고등학생, 브럼더, 있",코미디,0.46395737,0.0,0.1315172022331585,29.81
패딩턴(영화),"패딩턴, 곰, 탐험가, 가족, 헨리, 메리, 주디, 박물관, 있, 자신",코미디,0.4630099,0.0,0.1315172022331585,29.75
달링(영화),"로빈, 다이애나, 없, 커플, 포기, 마비, 전신, 순간, 바이러스, 사람",드라마,0.462622,0.0,0.1315172022331585,29.73
마녀(2013년 영화),"세영, 이선, 손가락, 마감, 선, 내기, 손, 두절, 연락, 남자친구",스릴러,0.46259016,0.0,0.1315172022331585,29.73
니드 포 스피드(영화),"토비, 디노, 차량, 머스탱, 줄리아, 아제라, 경찰, 차, 친구, 후",액션,0.46253553,0.0,0.1315172022331585,29.72
임협 헬퍼(영화),"노인, 히코이치, 교쿠보회, 일, 집, 갈매기, 야쿠자, 같, 요양원, 편의점",드라마,0.4616096,0.0,0.1315172022331585,29.67
프로메테우스(영화),"인류, 탐, 사단, 기원, 문명, 없, 발견, 쫒아, 자리, 우주",기타,0.46127063,0.0,0.1315172022331585,29.65
글래디에이터(영화),"시, 콤모두스, 무스, 막시무스, 검투사, 황제, 자신, 로마, 시합, 병사",드라마,0.46036237,0.0,0.1315172022331585,29.59
은혼(실사영화),"토키, 길, 원작, 신파, 카구라, 신스케, 니조, 가츠라, 배, 장수풍뎅이",코미디,0.4597607,0.0,0.1315172022331585,29.56
불가사리(영화),"불가사리, 농기구, 민중, 김정일, 세계, 아미, 왕조, 자신, 생명",기타,0.44055033,0.0,0.2075187486729242,29.55
대한민국 헌법 제1조(영화),"자객, 여성, 선거, 고은, 의원, 살해, 보궐, 성매매, 비, 후보",코미디,0.4595207,0.0,0.1315172022331585,29.54
라이언(영화),"사루, 인도, 형, 친구, 가족, 호주, 구뚜, 집, 마을, 이름",드라마,0.45784482,0.0,0.1315172022331585,29.44
풀 메탈 재킷(영화),"레나드, 하트, 훈련병, 실수, 조커, 파리스, 아일랜드, 신병, 훈련기, 고등학교",전쟁,0.45772758,0.0,0.1315172022331585,29.44
콜럼버스(영화),"이재용, 콜럼버스, 건축, 강연, 교수, 도시, 번역, 원서, 한국, 영어",기타,0.45771486,0.0,0.1315172022331585,29.44
고양이를 부탁해(영화),"고양이, 지영, 혜주, 티, 태희, 길, 좋, 신비, 삶, 커리어",드라마,0.4569434,0.0,0.1315172022331585,29.39
침입자(영화),"모녀, 연쇄살인범, 살인, 유재마, 서울, 딸, 송영, 송미, 세상, 생신",범죄,0.45611387,0.0,0.1315172022331585,29.34
롤러코스터(한국 영화),"비행기, 마준규, 활주로, 서비스, 위기, 환영, 일생일대, 바비, 와중, 항공",코미디,0.45551637,0.0,0.1315172022331585,29.3
소나티네(영화),"분류, 자신, 무라카와, 나카마츠, 일본, 두목, 아난, 구미, 호텔",드라마,0.43549874,0.0,0.2075187486729242,29.24
빌리지(영화),"마을, 아이비, 괴물, 숲, 속, 바깥, 없, 사람, 구역, 장로",기타,0.45350754,0.0,0.1315172022331585,29.18
설국열차(영화),"칸, 사람, 기차, 꼬리, 앞쪽, 커티스, 엔진, 해방, 마지막, 생존",기타,0.45268852,0.0,0.1315172022331585,29.13
변호인(영화),"없, 변, 변호사, 송, 돈, 사건, 집, 국밥, 진우, 부산",드라마,0.45244062,0.0,0.1315172022331585,29.12
노스탤지아(영화),"러시아, 안드레이, 세상, 이탈리아, 노예, 구원, 불, 마을, 여정, 소스노프스키",드라마,0.45233452,0.0,0.1315172022331585,29.11
잃어버린 세계(영화),"추장, 고원, 유인원, 일행, 공룡, 성공, 챌린저, 탐사, 교수, 원주민",모험,0.45215732,0.0,0.1315172022331585,29.1
쏘우(영화),"아담, 고든, 제프, 자신, 시체, 직, 시간, 있, 직쏘, 없",기타,0.45170692,0.0,0.1315172022331585,29.08
불꽃처럼 나비처럼(영화),"자영, 조선, 역사, 사랑, 대원군, 없, 무명, 왕후, 고종, 명",로맨스,0.31269875,0.3333333322222222,0.1315172022331585,29.07
디바(영화),"이영, 수진, 두려움, 다이빙, 디바, 동료, 끝, 다이빙대, 낙하, 세계",스릴러,0.45157048,0.0,0.1315172022331585,29.07
크로우(영화),"탑, 에릭, 살해, 달러, 갱단, 자신, 밤, 아파트, 힘, 악마",스릴러,0.45133346,0.0,0.1315172022331585,29.05
올 아이즈 온 미(영화),"앨범, 힙합, 마지막, 처음, 음악, 강하, 차별, 억압, 가난, 등극",드라마,0.4506804,0.0,0.1315172022331585,29.01
벌새(영화),"세계, 은희, 보편, 거대, 기억, 없, 이야기",드라마,0.38581884,0.0,0.3888037879687394,28.98
천국과 지옥(영화),"곤도, 아들, 중역, 회사, 돈, 전화, 자신, 유괴범, 주식, 사장",기타,0.44934696,0.0,0.1315172022331585,28.93
엑스 마키나(영화),"네이든, 칼렙, 에이바, 자신, 에이, 바, 테스트, 칼, 기계, 여성",SF,0.44770026,0.0,0.1315172022331585,28.83
생텀(영화),"동굴, 탐험, 알라, 에사, 깊, 지, 세계, 상황, 앞, 출구",스릴러,0.44675407,0.0,0.1315172022331585,28.78
와일드카드(영화),"형사, 범인, 수, 방제, 수사, 사건, 오, 영달, 강력반, 없",범죄,0.44475612,0.0,0.1315172022331585,28.66
그물(영화),"북한, 고난, 어부, 표류, 이야기, 남한, 작품",드라마,0.37353075,0.0,0.3888037879687394,28.24
바라카(영화),"세계, 인간, 자연, 풍경, 양식, 다양, 유사, 삶, 코야니스카시, 모습",다큐멘터리,0.43754518,0.0,0.1315172022331585,28.23
매스커레이드 호텔(영화),"호텔, 사건, 수사, 범인, 나오미, 도쿄, 코르테시아, 이해, 가운데, 닛타",스릴러,0.4360059,0.0,0.1315172022331585,28.13
가디언즈(영화),"아이, 힘, 자신, 이빨, 동전, 존재, 믿음, 없, 많, 잭",애니메이션,0.43576795,0.0,0.1315172022331585,28.12
사일런스(영화),"신부, 로드리게스, 일본, 신자, 배교, 가톨릭, 관리, 페레이라, 뒤, 사람",드라마,0.4346097,0.0,0.1315172022331585,28.05
파리넬리(영화),"파리넬리, 리카르도, 헨델, 자신, 없, 거세, 알렉산드라, 부인, 노래, 마가렛",기타,0.43388134,0.0,0.1315172022331585,28.01
비스트(2013년 영화),"아버지, 위치, 섬, 욕조, 허쉬파피, 딸, 균형, 추구, 우주, 자연",기타,0.43362048,0.0,0.1315172022331585,27.99
집행자(영화),"집행, 사형, 교도관, 재경, 사형수, 장용, 교위, 김, 재소자, 날",기타,0.43300202,0.0,0.1315172022331585,27.95
스포트라이트(영화),"사건, 보스턴, 가톨릭, 성추행, 사제, 기사, 사실, 로비, 있, 추기경",드라마,0.43276083,0.0,0.1315172022331585,27.94
락 오브 에이지(영화),"가수, 룸, 버번, 록, 잭스, 스테이시, 음악, 중간, 등장",뮤지컬,0.41354144,0.0,0.2075187486729242,27.93
내 친구의 집은 어디인가(영화),"숙제, 공책, 아마드, 네마제데, 친구, 퇴학, 후, 집, 어른, 없",드라마,0.4310558,0.0,0.1315172022331585,27.84
회로(영화),"사람, 카와시마, 이상, 쿠도, 인터넷, 없, 주위, 대학, 공포, 하루에",공포,0.43023646,0.0,0.1315172022331585,27.79
하나비(영화),"니시, 아내, 호리베, 범인, 총, 야쿠자, 때, 똘마니, 총격, 경찰",드라마,0.42989585,0.0,0.1315172022331585,27.77
람보(영화),"람보, 보안관, 전쟁, 마을, 대령, 경찰, 없, 방위군, 티즐, 말",전쟁,0.42965108,0.0,0.1315172022331585,27.75
카트(영화),"고객, 마트, 하루, 해고, 회사, 직원, 서비스, 매출, 힘, 용기",드라마,0.42943606,0.0,0.1315172022331585,27.74
그것(영화)/줄거리,"조지, 하수구, 페니와이즈, 배, 종이, 팔, 형, 눈, 장면, 빌",기타,0.42786032,0.0,0.1315172022331585,27.64
브라질(영화),"정보국, 체포, 오류, 파리, 하급, 공무원, 라우리, 샘, 중세, 기사",SF,0.42759216,0.0,0.1315172022331585,27.63
저지 드레드(1995년 영화),"시티, 집단, 도시, 질서, 드레드, 고담, 체포, 살인죄, 없, 인류",액션,0.28813556,0.3333333322222222,0.1315172022331585,27.59
에이바(영화),"제거, 타깃, 조직, 명령, 에이바, 실패, 킬러, 프랑스, 최대, 금기",범죄,0.4257914,0.0,0.1315172022331585,27.52
이중간첩(영화),"림병호, 북한, 안기부, 윤수, 미, 림, 국장, 백, 자신, 사람",스릴러,0.4229444,0.0,0.1315172022331585,27.35
역전재판(영화),"미츠루기, 나루호도, 사건, 재판, 변호사, 증거, 검사, 치히로, 사람, 체포",기타,0.42108613,0.0,0.1315172022331585,27.24
스카이스크래퍼(영화),"빌딩, 테러리스트, 소여, 보안, 세계, 가족, 불꽃, 집단, 테러, 최악",액션,0.4209035,0.0,0.1315172022331585,27.23
수색역(영화),"가난, 쓰레기, 친구, 수색, 시작, 월드컵, 돈, 난지도, 서울, 개발",드라마,0.4199815,0.0,0.1315172022331585,27.17
희생(영화),"알렉산더, 집, 가족, 마을, 나무, 자신, 생일날, 있, 아침, 신",드라마,0.4158951,0.0,0.1315172022331585,26.93
더 패키지(1989년 영화),"쟈니, 미국, 포로, 팩케이지, 핵, 회의, 협정, 호송, 기록, 월터",스릴러,0.41468006,0.0,0.1315172022331585,26.85
공공의 적(영화),"철, 칼, 밤, 비, 단서, 대결, 시체, 없, 사내, 시작",기타,0.41428116,0.0,0.1315172022331585,26.83
감염(영화),"환자, 시작, 병원, 감염, 연구, 없, 돈, 분류, 의료, 의사",공포,0.4138937,0.0,0.1315172022331585,26.81
레드 아이(영화),"열차, 미선, 사고, 유령, 영혼, 차, 기관사, 기관실, 자신, 야간열차",공포,0.4119034,0.0,0.1315172022331585,26.69
카센타(영화),"펑크, 타이어, 재구, 조각, 금속, 계획, 영, 돈, 영업, 도로",드라마,0.41140947,0.0,0.1315172022331585,26.66
1917(영화),"블레이크, 영국군, 병사, 리차드 매든, 형, 세계, 시간, 대전, 아군, 한창",드라마,0.42857793,0.0,0.062765440682787,26.66
스티브 잡스(영화),"이벤트, 아이맥, 매킨토시, 나쁘, 직전, 잡스, 상황",드라마,0.34553355,0.0,0.3888037879687394,26.56
파수꾼(영화),"아들, 동윤, 친구, 없, 기태, 자신, 희준, 희주, 학교, 아버지",드라마,0.40875626,0.0,0.1315172022331585,26.5
히말라야(영화),"없, 캠프, 원정대, 휴먼, 대장, 엄홍길, 도전, 위대하, 시도, 산",드라마,0.40868706,0.0,0.1315172022331585,26.49
방울토마토(영화),"집, 손녀, 구, 박, 성, 할아버지, 말, 없, 고기, 상태",기타,0.40785822,0.0,0.1315172022331585,26.44
스크림(영화),"시드니, 친구, 케이시, 빌리, 전화, 남자, 분, 살해, 어머니",기타,0.3880606,0.0,0.2075187486729242,26.4
피아니스트(미카엘 하네케 영화),"에리카, 발터, 안나, 어머니, 콘서트, 자신, 거부, 연주, 뒤, 음악원",드라마,0.40619496,0.0,0.1315172022331585,26.34
로빈슨 크루소(영화),"인간, 최초, 등장, 파라다이스, 로빈슨, 동물, 크루소",코미디,0.3394375,0.0,0.3888037879687394,26.2
치외법권(영화),"형사, 또라이, 법, 세상, 명령, 통쾌, 대한민국, 주먹, 여자, 경찰대",액션,0.40314296,0.0,0.1315172022331585,26.16
마라(영화),"수면, 장애, 저주, 마라, 케이트, 사건, 조사, 올가 쿠릴렌코, 자신, 같",공포,0.4192053,0.0,0.062765440682787,26.09
해피 투게더(2018년 영화),"아들, 무대, 관객, 인생, 색소폰, 재회, 박영, 강석진, 걸, 음악",코미디,0.40094873,0.0,0.1315172022331585,26.03
이미테이션 게임(영화),"튜링, 영국, 해독, 암호, 에니그마, 자신, 기계, 클라크, 존, 팀원",스릴러,0.40056914,0.0,0.1315172022331585,26.01
암전(영화),"미정, 감독, 공포, 경고, 순간, 불, 극장, 일, 이유",공포,0.38087907,0.0,0.2075187486729242,25.97
다크맨(영화),"듀란트, 자신, 페이튼, 없, 얼굴, 줄리, 피부, 폴리, 루이스, 후",기타,0.39763427,0.0,0.1315172022331585,25.83
어스(영화),"애들레이드, 해변, 윌슨, 밤, 공포, 나쁘, 일, 게이브, 심하, 타일러",공포,0.39691213,0.0,0.1315172022331585,25.79
머니볼(영화),"선수, 구단, 시작, 팀, 빌리, 애슬레틱스, 머니볼, 실력, 없, 리그",드라마,0.39683133,0.0,0.1315172022331585,25.78
마션(영화)/줄거리,"와트니, 화성, 없, 아레스, 헤르메스, 기지, 상황, 통신, 로버, 있",모험,0.3954646,0.0,0.1315172022331585,25.7
카사블랑카(영화),"릭, 사람, 일자, 통행증, 카사블랑카, 분, 리스본, 술집, 유럽, 자유",드라마,0.3923862,0.0,0.1315172022331585,25.52
진주만(영화),"레이프, 대니, 일본, 해군, 에블린, 공격, 상황, 진주만, 미국, 영국",전쟁,0.392342,0.0,0.1315172022331585,25.51
마스터(영화),"프레디, 랭커스터, 랭케스터, 여자, 사람, 프로세싱, 있, 코즈, 질문, 없",드라마,0.39059624,0.0,0.1315172022331585,25.41
"나는 내일, 어제의 너와 만난다(영화)","내일, 어제, 참조",드라마,0.17293811,0.0,0.9999999992786524,25.38
음양사(영화),"세이메이, 히로마사, 친왕, 없, 저주, 원령, 사건, 악령, 아츠히라, 일",기타,0.38948038,0.0,0.1315172022331585,25.34
레이스(영화),"올림픽, 제시 오언스, 베를린, 차별, 자유, 긴장감, 세계, 기록, 멸시, 수립",드라마,0.4050916,0.0,0.062765440682787,25.25
그린랜드(영화),"지구, 혜성, 가족, 존, 추락, 세계, 시간, 인류, 벙커, 그린란드",액션,0.38689545,0.0,0.1315172022331585,25.19
왕을 참하라(영화),"왕, 성종, 백성, 조선, 나라, 공신, 성군, 시대, 전체, 시호",드라마,0.3861681,0.0,0.1315172022331585,25.14
인섬니아(2002년 영화),"도머, 알래스카, 사건, 백야, 기간, 처음, 마을, 소녀, 발견, 시체",스릴러,0.38434178,0.0,0.1315172022331585,25.03
네트워크(영화),"빌, 방송, 시청, 뉴스, 해켓, 하워드 빌, 맥스, 연설, 젠슨, 다이애나",드라마,0.3779458,0.0,0.1536745313951467,24.98
선물(2019년 영화),"작업실, 시작, 보라, 불철주야, 도전, 소방, 열, 화상, 카메라, 하늘",코미디,0.3834164,0.0,0.1315172022331585,24.98
서치(영화),"딸, 실종, 곳, 전화, 부재중, 목요일, 시작, 단서, 결정, 가운데",스릴러,0.38320103,0.0,0.1315172022331585,24.96
이그잼(영화),"화이트, 시험, 블론드, 경비, 감독관, 응시자, 총, 디프, 사람, 시험지",스릴러,0.38242057,0.0,0.1315172022331585,24.92
트위스터(영화),"조, 빌, 토네이도, 추적, 도로시, 트럭, 조나스, 대원, 장치, 모습",스릴러,0.38214907,0.0,0.1315172022331585,24.9
애인(2005년 영화),"남자, 여자, 결혼, 같, 시간, 있, 분류, 짧, 식당",로맨스,0.36289504,0.0,0.2075187486729242,24.89
Kronos(영화),"거대, 로봇, 에너지, 운석, 핵, 파괴, 같, 지구, 물체, 미군",SF,0.38156915,0.0,0.1315172022331585,24.87
헌팅 오브 힐하우스(2019년 영화),"사람, 죽음, 집, 이상, 없, 같, 느낌, 멜로디, 나쁘, 기분",드라마,0.24266155,0.3333333322222222,0.1315172022331585,24.87
링(영화),"저주, 비디오, 레이코, 사다코, 방법, 류지, 살해, 복사, 원한, 야마무라",공포,0.38097987,0.0,0.1315172022331585,24.83
정브르의 동물일기(영화),"동물, 정, 브르, 생물, 사육사, 여왕, 다산, 사자, 랄라, 기네스",다큐멘터리,0.37991226,0.0,0.1315172022331585,24.77
아웃레이지(영화),"이케모토, 조직, 무라세조, 오오토모, 시작, 사업장, 오오토모조, 무라세, 산노회, 함정",드라마,0.37903205,0.0,0.1315172022331585,24.71
엘리시움(영화),"엘리시움, 줄거리, 참조",스릴러,0.16170546,0.0,0.9999999992786524,24.7
크리스틴(영화),"차, 크리스틴, 데니스, 리, 안, 노래, 후, 라디오, 없, 같",공포,0.37781873,0.0,0.1315172022331585,24.64
감기(영화),"바이러스, 감염, 사람, 분당, 사망, 재난, 치사, 전염, 병원, 최악",스릴러,0.37559107,0.0,0.1315172022331585,24.51
설지(영화),"신웅, 벽화, 다큐멘터리, 홍대, 녀, 촬영, 설지, 북, 독특, 그림",드라마,0.3743037,0.0,0.1315172022331585,24.43
은교(영화),"질투, 매혹, 관능, 소녀, 패기, 재능, 제자, 천재, 서지우, 시인",드라마,0.37352416,0.0,0.1315172022331585,24.38
루터(영화),"가톨릭, 루터, 사제, 세력, 변질, 신학, 심하, 부정, 고발, 기존",기타,0.3727798,0.0,0.1315172022331585,24.34
죠스(영화),"상어, 시장, 해안, 바다, 브로디, 후퍼, 퀸트, 크기, 위, 사람",기타,0.37103286,0.0,0.1315172022331585,24.23
풍뎅이뎅이(영화),"부, 숲, 곤충, 날, 바퀴벌레, 가얌이, 레미, 다양, 뎅이, 수개미",애니메이션,0.3707704,0.0,0.1315172022331585,24.22
빅(영화),"조슈아, 회사, 완구, 일자리, 키, 없, 어른, 예언자, 졸, 빌리",코미디,0.36942863,0.0,0.1315172022331585,24.14
아즈미(영화),"아이, 아즈미, 친구, 게사이, 짝, 청소년, 서로, 사이, 소년, 자신",기타,0.36787635,0.0,0.1315172022331585,24.05
아기와 나(한국 영화),"준수, 우람이, 동거, 시작, 생후, 명랑, 장근석, 날, 아기, 모유",기타,0.36668816,0.0,0.1315172022331585,23.97
나쁜 영화,"파트, 제목, 단편, 스토리, 없, 등장인물, 일관, 무시, 많",다큐멘터리,0.34689105,0.0,0.2075187486729242,23.93
피터 래빗(영화),"토마스, 당근, 밭, 피터 래빗, 비, 때, 모습, 이사, 런던, 친구",애니메이션,0.3829109,0.0,0.062765440682787,23.92
그랑프리(영화),"테오도르, 레이싱, 소니, 카, 압둘, 투자, 디자인, 기준, 작성, 자전거",코미디,0.36436746,0.0,0.1315172022331585,23.83
알파고(영화),"인공, 지능, 딥마인드, 코딩, 단말기, 전설, 바둑, 기록, 이야기, 대가",다큐멘터리,0.36314768,0.0,0.1315172022331585,23.76
오버로드(영화),"하사, 시작, 수송기, 병사, 보이드, 독일군, 없, 강하, 독일, 포드",전쟁,0.36029023,0.0,0.1315172022331585,23.59
"안나, 평양에서 영화를 배우다","안나, 평양, 촬영, 선전, 제작, 마을, 채굴, 위협, 시작",다큐멘터리,0.33956286,0.0,0.2075187486729242,23.49
데드풀(영화),"데드풀, 제로, 자신, 정신, 인터스텔라, 급, 마블, 암, 치료, 라이언 레이놀즈",코미디,0.37535024,0.0,0.062765440682787,23.46
피스메이커(영화),"핵탄두, 보스니아, 사고, 배우, 두싼, 수송, 코도로프, 강대국, 생각, 키드먼",스릴러,0.35814947,0.0,0.1315172022331585,23.46
레릭(영화),"배, 박물관, 없, 미국, 사람, 시체, 전설, 아마존, 부족, 학자",공포,0.35797703,0.0,0.1315172022331585,23.45
워게임(1983년 영화),"컴퓨터, 분, 핵, 게임, 데이비드, 노라드, 박사, 미사일, 시뮬레이션, 조슈아",SF,0.356097,0.0,0.1315172022331585,23.34
슈거(영화),"미국, 산토스, 미겔, 가족, 선수, 고향, 캔자스시티, 로열스, 계약, 마이너",기타,0.35470873,0.0,0.1315172022331585,23.26
모술(영화),"경찰, 팀, 시작, 일상, 임무, 이라크, 마지막, 모술, 테러리스트, 삼촌",전쟁,0.35462207,0.0,0.1315172022331585,23.25
사도(영화),"아들, 아버지, 영조, 세자, 왕, 자신, 완벽, 생각, 자식, 역사",드라마,0.35375434,0.0,0.1315172022331585,23.2
마견(영화),"개, 흑인, 훈련, 줄리, 키스, 없, 일, 총, 소장",기타,0.3346255,0.0,0.2075187486729242,23.19
램페이지(영화),"조지, 괴수, 데이비스, 지구, 가스, 거대, 감행, 프로젝트, 무단, 램페이지",SF,0.35176948,0.0,0.1315172022331585,23.08
피아노(영화),"피아노, 에이다, 베인스, 스튜어트, 물, 뉴질랜드, 속, 있, 분, 해변",기타,0.35165212,0.0,0.1315172022331585,23.07
귀(영화),"소녀, 아이, 소년, 혼자, 싫, 학교, 분류, 회장, 남학생, 학생",기타,0.3501298,0.0,0.1315172022331585,22.98
트랜스포머(영화),"샘, 중고차, 오토봇, 전, 사실, 좋, 지도, 인도, 성적, 스파크",SF,0.3497552,0.0,0.1315172022331585,22.96
레베카(영화),"맥심, 맨덜리, 레베카, 저택, 상태, 결혼, 아내, 시종일관, 표정, 부인",드라마,0.348659,0.0,0.1315172022331585,22.89
탑건(영화),"쿠거, 해군, 대위, 미, 모, 전투기, 미그기, 파일럿, 당시, 사태",기타,0.34790736,0.0,0.1315172022331585,22.85
연평해전(영화),"참수리, 아들, 가운데, 월드컵, 서해, 경기, 그날, 전, 터키, 한국",전쟁,0.34655368,0.0,0.1315172022331585,22.77
덩케르크(영화),"줄거리, 문서, 덩케르크, 참조",전쟁,0.1802495,0.0,0.792481249163033,22.7
10억(영화),"게임, 쇼, 참가자, 서바이벌, 호주, 없, 밀림, 속, 발견, 사막",기타,0.34382862,0.0,0.1315172022331585,22.6
국가대표(영화),"점프, 스키, 대표, 국가, 올림픽, 분, 팀, 훈련, 없, 대한민국",드라마,0.33764187,0.0,0.1315172022331585,22.23
아이언맨(영화)/줄거리,"토니, 테러리스트, 아프가니스탄, 미군, 병력, 공격, 인더스, 스타크, 트리, 천",기타,0.33670145,0.0,0.1315172022331585,22.17
유령(영화),"함장, 유령, 항해, 일본, 장교, 잠수함, 찬, 석, 자신, 핵",스릴러,0.3365966,0.0,0.1315172022331585,22.17
조한(영화),"미용실, 조, 팔레스타인, 자신, 조한, 팬텀, 뉴욕, 헤어드레서, 출신, 미국",코미디,0.33651793,0.0,0.1315172022331585,22.16
안도 타다오(영화),"건축, 콘크리트, 미술관, 건축가, 현장, 시절, 노출, 푼타, 건축물, 델",다큐멘터리,0.33538517,0.0,0.1315172022331585,22.1
독재자(영화),"알라딘, 독재자, 연설, 주인공, 김정일, 분류, 약장, 연출, 와디야",코미디,0.31543016,0.0,0.2075187486729242,22.04
황산벌(영화),"백제, 계백, 군, 신라, 김유신, 때, 의자왕, 욕, 당나라, 말",코미디,0.3339536,0.0,0.1315172022331585,22.01
아사코(영화),"바쿠, 사이, 아사코, 료헤이, 도쿄, 영혼, 소유자, 외모, 없, 공통점",로맨스,0.33313102,0.0,0.1315172022331585,21.96
테슬라(영화),"전송, 발명, 승리, 하늘, 연구소, 평가, 콜로라도, 도움, 니콜라 테슬라, 모건",드라마,0.3498861,0.0,0.062765440682787,21.93
마마(영화),"자매, 오두막, 마을, 아이, 제시카 채스테인, 애너벨, 분, 여자친구, 기적, 니콜라이 코스테르발다우",공포,0.36282247,0.0,0.0,21.77
서양골동양과자점 앤티크(영화),"케이크, 남자, 진혁, 앤티크, 선우, 숍, 게이, 별나, 맛, 외모",기타,0.3293638,0.0,0.1315172022331585,21.73
파시스트(영화),"아르보카찌, 로마, 교수, 파시스트, 보나페, 독일군, 독일, 오토바이, 무솔리니, 파르티잔",전쟁,0.32918882,0.0,0.1315172022331585,21.72
철벽선생(영화),"사마룬, 거절, 난공불락, 철벽, 남, 거부, 히로미츠, 첫눈, 소녀, 만수르",코미디,0.32774335,0.0,0.1315172022331585,21.64
아이언맨(영화),"토니 스타크, 슈트, 자신, 무기, 탈출, 최강, 재능, 세계, 위협, 음모",기타,0.34342322,0.0,0.062765440682787,21.55
인페르노(2016년 영화),"지옥, 병원, 단테, 지도, 암호, 자살, 이후, 조브리스트, 하버드대, 생물학자",스릴러,0.32484367,0.0,0.1315172022331585,21.46
노아(영화),"성경, 부분, 언급, 이야기, 노아, 카인, 시작, 후손, 문명",드라마,0.3020687,0.0,0.2075187486729242,21.24
최후의 만찬(2005년 영화),"고기, 코토리다, 이후, 요리, 여성, 형사, 지방, 자신, 여자, 후",공포,0.31745183,0.0,0.1315172022331585,21.02
그들만의 리그(영화),"선수, 야구, 팀, 키트, 여자, 도티, 복숭아, 훈련, 라신느, 벨스",코미디,0.3149829,0.0,0.1315172022331585,20.87
신의 한 수(영화),"살수, 태석, 내기, 정우성, 판, 승부, 팀, 이범수, 바둑판, 김인권",범죄,0.3140595,0.0,0.1315172022331585,20.82
코어(영화),"지구, 회전, 핵, 외핵, 뜻, 전도체, 안, 태양풍, 무기, 자기장",SF,0.31374332,0.0,0.1315172022331585,20.8
엘리자베스(영화),"가톨릭, 메리, 헨리, 잉글랜드, 계승, 왕위, 크, 두려움, 없, 자식",드라마,0.3134282,0.0,0.1315172022331585,20.78
런(영화),"엄마, 일상, 공간, 때, 장애, 물건, 식탁, 휠체어, 장바구니, 날",공포,0.3123336,0.0,0.1315172022331585,20.71
지니어스(영화),"문학, 울프, 맥스웰 퍼킨스, 토마스, 퍼킨스, 에디터, 맥스, 오브, 편집인, 지니어스",드라마,0.30495638,0.0,0.1536745313951467,20.6
플라이트 플랜(영화),"딸, 실종, 카일, 비행기, 분, 기내, 없, 승무원, 스릴러, 속",스릴러,0.30920616,0.0,0.1315172022331585,20.53
카지노(영화),"에이스, 니키, 카지노, 마피아, 없, 두목, 진저, 돈, 시작",범죄,0.2900894,0.0,0.2075187486729242,20.52
REC(영화),"소방관, 파블로, 사람, 바르셀로나, 안젤라, 현장, 건물, 노파, 가족, 스페인",공포,0.30781856,0.0,0.1315172022331585,20.44
철도원(일본 영화),"오토마츠, 유키코, 소녀, 인형, 없, 자신, 때, 역, 일, 철도",드라마,0.30526605,0.0,0.1315172022331585,20.29
플랑크 상수(영화),"김우주, 남자, 상상, 여자, 때, 산, 짧, 카페, 치마, 매력",기타,0.3014741,0.0,0.1315172022331585,20.06
트럭(영화),"트럭, 철민, 시간, 남자, 딸, 위험, 전, 운전사, 없, 시체",기타,0.3009813,0.0,0.1315172022331585,20.03
허큘리스(영화),"신화, 헤라클레스, 사자, 네메아, 허큘리스, 이야기, 멧돼지, 뱀, 용병, 전설",모험,0.30075645,0.0,0.1315172022331585,20.02
더블 타겟(영화),"스웨거, 자신, 멤피스, 존슨, 저격, 새라, 대령, 때, 없, 저격수",스릴러,0.30047986,0.0,0.1315172022331585,20.0
42(영화),"재키, 선수, 이후, 경기, 다저스, 플레이, 말, 백인, 흑인, 재키 로빈슨",드라마,0.31698486,0.0,0.062765440682787,19.96
베토벤(영화),"베토벤, 강아지, 미, 레지나, 새끼, 조지, 개, 죠지, 아이, 가족",기타,0.29884773,0.0,0.1315172022331585,19.9
몽테크리스토 백작(영화),"당테스, 감옥, 검술, 파리아 신부, 원작, 탈출, 알베르, 신부, 지식, 체력",기타,0.29244852,0.0,0.1536745313951467,19.85
레미제라블(영화),"뮤지컬, 미제라블, 레, 원작, 스토리, 넘버, 줄거리, 문서, 참조",드라마,0.27738875,0.0,0.2075187486729242,19.76
마리 앙투아네트(영화),"세상, 프랑스, 진실, 생활, 베르사유의 장미, 거짓, 오스트리아, 스캔들, 국민, 남자",기타,0.18545648,0.303030302020202,0.062765440682787,19.64
남과 여(영화),"핀란드, 속, 상민, 동행, 일상, 설원, 여, 남, 없, 남자",기타,0.29356775,0.0,0.1315172022331585,19.59
몬스터즈(영화),"딸, 사장, 사진작가, 배편, 미국, 배, 시작, 크리처, 사진, 멕시코",기타,0.2908052,0.0,0.1315172022331585,19.42
브레이크다운(영화),"에이미, 제프, 자동차, 다리, 트랙터, 악당, 오른쪽, 차, 틈, 끝",스릴러,0.28953284,0.0,0.1315172022331585,19.34
라이프 포스(영화),"발견, 처칠, 호, 캡슐, 우주, 승무원, 미이라, 도중, 왕복선, 여자",공포,0.2875538,0.0,0.1315172022331585,19.23
체리(영화),"육군, 후, 이라크, 스트레스, 장애, 의료진, 외상, 은행, 중독, 마약",범죄,0.28095967,0.0,0.1315172022331585,18.83
된장(영화),"취재, 된장, 살인마, 김종구, 경찰, 검찰, 된장찌개, 존재, 제보, 반전",기타,0.27808103,0.0,0.1315172022331585,18.66
크리드(영화),"아도니스, 자신, 아폴로 크리드, 파이터, 아들, 챕터, 아도니스 존슨, 이야기, 복싱, 선수",드라마,0.31005886,0.0,0.0,18.6
뉘른베르크(영화),"괴링, 전범, 재판, 육군, 친하, 나치, 미, 침략, 모르핀",기타,0.25744265,0.0,0.2075187486729242,18.56
역린(영화),"정조, 오전, 왕, 밤, 각, 암살, 정순왕후, 최고, 상책, 아들",드라마,0.27209553,0.0,0.1315172022331585,18.3
브리타닉(영화),"배, 캠벨, 레이놀드, 장교, 자신, 영국, 그리스, 선장, 스파이, 없",기타,0.27018937,0.0,0.1315172022331585,18.18
의식(영화),"소피, 가족, 사실, 잔, 릴리브르, 자신, 글, 조용하, 내성, 버릇없",드라마,0.26997134,0.0,0.1315172022331585,18.17
택시(영화),"다니엘, 강도, 경찰, 앙, 에밀리, 교통, 없, 벤츠, 형사, 경찰청",코미디,0.26984495,0.0,0.1315172022331585,18.16
타짜(영화),"고니, 타짜, 판, 마담, 정, 인생, 돈, 없, 화투판, 도박",스릴러,0.26866776,0.0,0.1315172022331585,18.09
베네데타(영화),"수녀, 시작, 베네데타, 카를리니, 때, 수녀원, 이후, 자신, 종교, 에로틱",드라마,0.26732683,0.0,0.1315172022331585,18.01
샤인(영화),"데이비드, 피터, 자신, 연주, 아버지, 아들, 정신, 바이올리니스트, 콩쿠르, 반대",기타,0.2615015,0.0,0.1315172022331585,17.66
아일라(터키 영화),"마을, 육군, 자전거, 알리, 조선인민군, 인근, 이스마일, 남한, 슐레이만, 친구",전쟁,0.26047754,0.0,0.1315172022331585,17.6
도굴(영화),"도굴, 강동구, 고분, 벽화, 판, 보물, 달, 삽다리, 삽, 임원희",코미디,0.25938308,0.0,0.1315172022331585,17.54
리얼(영화),"카지노, 원근, 조, 투자자, 장, 태영, 김수현, 의문, 해결, 자금",액션,0.25922686,0.0,0.1315172022331585,17.53
자칼(1997년 영화),"자칼, 요원, 전쟁, 저지, 암살, 목적, 방법, 있, 투옥, 러시아",스릴러,0.25514048,0.0,0.1315172022331585,17.28
듀얼(영화),"데이빗, 트럭, 트레일러, 추월, 상황, 운전사, 없, 갈색, 운전자, 맨",스릴러,0.25438637,0.0,0.1315172022331585,17.24
데스워치(영화),"독일군, 참호, 소대원, 프리드리히, 이상, 말, 전투, 소대장, 제닝스, 속",공포,0.25204507,0.0,0.1315172022331585,17.1
판도라(영화),"강진, 사태, 한반도, 최악, 위협, 속, 재난, 원전, 사고, 초유",드라마,0.2518915,0.0,0.1315172022331585,17.09
마유미(영화),"폭파, 김현희, 마유미, 대한민국, 기, 출국, 바레인, 여권, 발견, 하치",스릴러,0.25176165,0.0,0.1315172022331585,17.08
필라델피아(영화),"앤드루, 변호사, 소송, 에이즈, 밀러, 회사, 환자, 도서관, 배상, 서류",드라마,0.251311,0.0,0.1315172022331585,17.05
군함도(영화),"군함도, 조선인, 강옥, 일본, 칠성, 말년, 섬, 무영, 딸, 소희",드라마,0.2484613,0.0,0.1315172022331585,16.88
그리스(영화),"샌디, 대니, 학교, 방학, 사람, 이야기, 여름, 호주, 해변, 친구",뮤지컬,0.24237466,0.0,0.1315172022331585,16.52
노로이(영화),"코바야시, 마리카, 카구타바, 이상, 집, 카나, 소리, 마을, 준코, 없",다큐멘터리,0.24012502,0.0,0.1315172022331585,16.38
콘택트(영화),"엘리, 과학, 프로젝트, 신호, 외계인, 자신, 세계, 연구, 정부, 없",SF,0.23548903,0.0,0.1315172022331585,16.1
전국자위대(영화),"헬기, 다케다, 자위대, 타임슬립, 우에스기 겐신, 원작, 이용, 노부나가, 전차, 탈영병",SF,0.24541774,0.0,0.062765440682787,15.67
인턴십(영화),"구글, 닉, 직원, 시험, 없, 방식, 빌리, 후, 인턴, 지원",코미디,0.22515538,0.0,0.1315172022331585,15.48
4월 9일(영화),"덴마크, 부대, 독일, 시간, 내부, 도시, 독일군, 자전거, 주인공, 소속",전쟁,0.22346725,0.0,0.1315172022331585,15.38
뻐꾸기 둥지 위로 날아간 새(영화),"래치드, 환자, 병원, 맥, 정신, 머피, 빌리, 맥머피, 탈출, 없",드라마,0.22214758,0.0,0.1315172022331585,15.3
갈리폴리 상륙작전(영화),"전투, 터키, 최강, 영국, 역사, 세계, 태양, 작렬, 갈리폴리 상륙작전, 생존",전쟁,0.23886855,0.0,0.062765440682787,15.27
선전포고(영화),"일본, 자위대, 사태, 출동, 총리, 발생, 계엄령, 발견, 문제, 한국",기타,0.22051813,0.0,0.1315172022331585,15.2
데이브(영화),"데이브, 대통령, 미첼, 빌, 알렉산더, 부통령, 백악관, 자신, 영부인, 없",코미디,0.21831025,0.0,0.1315172022331585,15.07
터미널(영화),"나보스키, 공항, 크라코지아, 서류, 뉴욕, 딕슨, 미국, 직원, 약, 필요",코미디,0.21699627,0.0,0.1315172022331585,14.99
설국열차(영화)/줄거리,"지구, 살포, 자급자족, 완전, 화면, 열차, 작중, 위, 빙하기, 온난",기타,0.21509427,0.0,0.1315172022331585,14.88
샌 안드레아스(영화),"지진, 규모, 크, 발디비아, 최대, 발생, 사망자, 곳, 도시",드라마,0.19044347,0.0,0.2075187486729242,14.54
엘르(영화),"괴한, 날, 침입, 없, 미셸, 이자벨 위페르, 집, 주변, 무시, 조언",드라마,0.22444794,0.0,0.062765440682787,14.41
신장개업(영화),"사장, 아방궁, 왕, 짜장면, 홍, 맛, 사람, 인육, 없, 봉",코미디,0.19368862,0.0,0.1315172022331585,13.59
알라딘(영화),"알라딘, 자스민, 자파, 술탄, 램프, 소원, 지니, 자신, 말, 왕자",기타,0.19027798,0.0,0.1315172022331585,13.39
미드웨이(2019년 영화),"베스트, 일본, 공격, 레이트, 진주만, 니미츠, 없, 함대, 일본군, 말",전쟁,0.19021896,0.0,0.1315172022331585,13.39
해치지않아(영화),"동물원, 동물, 털, 태수, 북극곰, 동산, 파크, 방, 묵언, 인",코미디,0.18832609,0.0,0.1315172022331585,13.27
십계(영화),"모세, 이집트, 하느님, 람세스, 아들, 히브리인, 세티, 노예, 이스라엘, 백성",드라마,0.18491834,0.0,0.1315172022331585,13.07
800(영화),"상하이, 창고, 일본군, 전투, 사단, 사행, 지휘, 장제스, 중국, 조계지",전쟁,0.18283325,0.0,0.1315172022331585,12.94
보헤미안 랩소디(영화),"퀸, 밴드, 음악, 아웃사이더, 프레디 머큐리, 일, 보헤미안, 곡, 랩소디, 실험",기타,0.19951834,0.0,0.062765440682787,12.91
백설공주(영화),"왕비, 백설공주, 왕국, 왕자, 공주, 난쟁이, 날, 없, 숲, 시작",코미디,0.18102998,0.0,0.1315172022331585,12.83
볼케이노(영화),"용암, 마이크, 수도관, 화산, 에이미, 지진, 있, 사고, 없, 지하철",액션,0.18020448,0.0,0.1315172022331585,12.79
논스톱(영화),"테러, 리암 니슨, 공중, 발생, 항공기, 범인, 시작, 최악, 테이큰, 폭파",스릴러,0.19708456,0.0,0.062765440682787,12.77
트와이스랜드(영화),"트와이스, 랜드, 팬, 히트곡, 데뷔, 곁, 예스, 모습, 멤버",다큐멘터리,0.15366985,0.0,0.2075187486729242,12.33
33(영화),"매몰, 구조, 완료, 광부, 드릴, 지상, 구멍, 작업, 캡슐, 칠레",드라마,0.16716821,0.0,0.1315172022331585,12.0
해무(영화),"선원, 선장, 배, 바다, 시작, 만선, 호, 철주, 전진, 밀항",드라마,0.16631436,0.0,0.1315172022331585,11.95
글러브(영화),"야구부, 상, 야구, 아이, 남, 실력, 최다, 전국, 출전, 대회",드라마,0.159012,0.0,0.1315172022331585,11.51
실종자(영화),"아내, 워커, 없, 분, 호텔, 파리, 자신, 샤워, 가방, 방",스릴러,0.15288845,0.0,0.1315172022331585,11.15
비스트(영화),"탱크, 타지, 승무원, 차장, 코베르첸코, 일행, 헬리콥터, 무스타파, 생존자, 소련군",전쟁,0.14519167,0.0,0.1315172022331585,10.68
댄서(영화),"발레, 세계, 발레리, 천재, 영국, 나이, 로열, 짐승, 발레단, 우아하",다큐멘터리,0.1447563,0.0,0.1315172022331585,10.66
허스토리(영화),"단, 할머니, 변호인, 재판부, 시모노세키, 일본, 부산, 사람, 원고, 재판",드라마,0.12619051,0.0,0.1315172022331585,9.54
남한산성(영화),"청, 치욕, 판서, 공격, 남한산성, 곳, 나라, 인조, 청군, 속",드라마,0.12503704,0.0,0.1315172022331585,9.47
22(영화),"할머니, 피해자, 위안부, 중국, 대부분, 생존자, 촬영, 당시, 마지막, 이야기",드라마,0.11940997,0.0,0.1315172022331585,9.14
파란만장(영화),"남자, 여자, 낚싯대, 시간, 소복, 어린아이, 밤중, 가늘, 낚시, 무언",판타지,0.11637533,0.0,0.1315172022331585,8.96
지중해(영화),"섬, 마을, 이탈리아, 사람, 일행, 파리, 형제, 배, 없, 몬티",코미디,0.1127639,0.0,0.1315172022331585,8.74
아르고(영화),"이란, 미국, 작전, 대사관, 캐나다, 혁명, 수비대, 인질, 직원",스릴러,0.04939847,0.0,0.2075187486729242,6.08
괴물(영화)/줄거리,"더글라스, 김, 포름알데히드, 한강, 강, 발견, 독극물, 넓, 낚시, 동물",기타,0.067090504,0.0,0.1315172022331585,6.0
안시성(영화),"안시성, 당나라, 역사, 법, 항복, 천하, 동아시아, 손, 당, 태종",기타,0.05324981,0.0,0.1315172022331585,5.17
아마데우스(영화),"모차르트, 살리에리, 음악, 곡, 시종, 작곡, 신부, 오페라, 작품, 때",드라마,0.031085437,0.0,0.1315172022331585,3.84
링컨(영화),"헌법, 수정, 통과, 전쟁, 링컨, 공화당, 하원, 자체, 반대, 노예제",기타,0.001549608,0.0,0.1315172022331585,2.07
한반도(영화),"조약, 일본, 옥새, 고종, 대통령, 없, 한국, 무효, 최민재, 총리",스릴러,0.0,0.0,0.1315172022331585,1.97
