title,장수,repetition_ratio,기본점수,cliche_score,keywords
대왕은죽기를거부했다,2,0.85,67.2,84.2,목숨 요구 대왕 억지 희생 지속 통치 권력자 순번 무시 쇠약 죽음 의미 충성 국민 경제 공장 대신 고령 혼란 음식점 늘어나다 절망 결심 의지 왕비 슬픔 책임감 왕자 변화 거부 나라 구하다 백성
오장군의_발톱,4,0.875,66.08,83.58,평화 농촌 전쟁 죽음 대하다 불안 가족 주변 혼란 가난 소작농 외아들 감정 느끼다 관계 위협 이등병 행진 실수 전통 의무 떠올리다 결심 군대 훈련장 변화 장교 사격 겪다 훈련 침투 군사 능력 제외 야간 충격 심리 지뢰 폭발 개인 고향 생사 갈등 아들 편지 희망 나누다 병사 험난 집배원 징집 사라지다 어머니 당국 착오 인정 운명 알리 동일 공격 임박 전투력 과소평가 방어 두려움 역정보 일선 이동 거짓 정보 태세 위장 병력 체포 최대 취약 지역 전선 임무
홍당무,10,0.96,63.39,82.58,집안 변화 긴장감 아버지 사냥 동행 부재 낮잠 집주인 이러다 상황 가족 기다리다 일상 노동 관계 내부 갈등 불안 나누다 생활 역할 책임 형성 주인공 특별 구성원 성향 신뢰 협력 이름 이야기 식사 예절 내일 엄격 태도 성격 감돌다 어머니 대화 문제 많다 까칠 애정 이해 소송 상대방 가축 유지 견디다 용기 증명 결심 두려움 사이 환경 적응 무산 긴장 조성 보이다 계획 취소 행동 옷차림 곡괭이 들다 예의 수행 장면
가스펠,7,0.929,64.0,82.57,예수 세례 성령 베풀다 신앙 중요 신성 존재 무한 하나님 따르다 철학 탐구 펼치다 인간 영혼 외형 혈통 의존 무대 철망 구원 요청 율법 용서 형제 인물 겸손 기도 분노 갈등 대응 폭력 태도 성내 행위 심판 비유 가르침 탕감 사랑 사람 관계 사마리아 전하다 하늘 죽음 이후 발견 자비 지옥 고통 제사장 외다 도망 치료 부자 보다 드러내다 도덕 교훈 근본 허망 과정 통하다 나라 구하다 씨앗 마음 성장 결점 돌아보다 타인 고백 아버지 아들 회복 따뜻 돌아오다 나누다 구하라 메시지 세상 소금
관객모독,3,0.933,62.97,81.64,전후 독일 문학 사실 반영 비판 언어 연극 현실 예술 표현 젊다 작가 철학 기반 고전 작품 세계 구축 확립 배우 규칙 동시 탐구 독창 명성 변증법 구조 관객 긴장감 혼돈 운율 무대 경계 시작 익숙 소음 의도 몰입 유도 의미 부정 자체 체험 과거 미래 사라지다 자의식 통합 전통 가상 시간 설정 역할 벗어나다 자유 공동체 일정 질서 행동 집중
윌리엄인지-마지막_포옹,4,0.95,62.37,81.37,죄수 과거 농장 긴장감 고조 감옥 현실 죽음 목사 영혼 평안 의미 희망 갈등 빚다 소리 경험 마지막 만찬 살다 비판 사형 받아들이다 모습 세상 기형 주장 아버지 행방불명 냉소 비관 시각 자수 모범 인간 사회 이력 드러나다 가족 소통 부재 모순 법률 체계 믿음 마음 거부 신앙 받다 종교 영생 평화 대하다 두려움 사랑 절망 혐오 혼란 고백 심화 생계 자립 앞두다 죄책감 벗어나다 주인공 불화 드러내다 대화 면회 가족사 공포 부정행위 둘러싸다 아내
꼴찌를_사랑해요-공동창작,7,0.943,62.3,81.16,학생 마찰 혼란 교실 교사 나타나다 전통 예술 고등학교 입학식 희망차다 학교생활 유교 관습 비판 긴장 갈등 암묵 대립 형성 기존 권위주의 소통 방식 교장 창조 방법 제안 학교 생활 방송국 공부 충실 다짐 분위기 조성 정하다 배경 특기 경쟁 긴장감 고조 여학생 자리 떠나다 일부 담배 사이 장난 청소년 오리엔테이션 관심 가수 소방차 문제 교무실 무용 토론 벌어지다 불안 장소 이동 과정 학과 난투극 싸움 신입 흡연 폭력 심 기강 자율 교무 회의 징계 방침 논의 음주 행동 신발 바꿔치기 사건 어지럼증 감돌다 진단 증상 정밀 검사 막히다 주장 숨다 미묘 감정 느끼다 병원 방문 거부
광인들의_축제,9,0.944,62.21,81.1,어려움 겪다 동굴 공존 생존 희망 절망 야망 드러내다 전쟁 열악 환경 독재 계획 장기 미래 식량 부족 무대 협회 회장 신세계 정신병원 정신 병원 환자 통제 주인공 불안 대화 긴장 의심 불러일으키다 피난 과거 갈등 암시 상황 결정 피로 관심 집단 폭력 공포 혼란 심화 증폭 고조 권위 상술 사이 감독관 격화 공격 벗어나다 사람 우려 안전 요구 촛불 긴장감 한편 찔리다 사다 의식 도움 요청 역할 수행 모순 아기 별빛 관리자 피난민 포위 강압 탈출 문제 침략자 위협 심판 모욕 악극단 외부 세우다
정의의_사람들_알베르트_까뮈,9,0.911,62.87,81.09,분석 혁명 세력 대공 암살 극장 주변 지형 위치 계획 수립 신호 체계 마련 조직 거짓말 변장 과정 긴장감 규율 유지 수집 활동 인물 갈등 소외감 경험 신념 사회 건설 모순 동료 테러 참여 책임감 독특 성향 살인 수단 조직원 폭탄 증오심 임무 직전 준비 긴장 고귀 실현 결의 복잡 감정 느끼다 나타나다 정보 죽음 기다리다 어린아이 향하다 투척 체포 작전 좌절 사이 희생 두려움 죄책감 살해 결정 목표 충돌 발생 혁명가 재판 감옥 윤리 문제 테러리스트 깊다 부끄러움 공포 한계 책임 무게 고백 현장 역할 기여 제외 이틀 실패
나는_누구냐,9,0.956,61.93,81.04,고백 아버지 죽다 영정 모시다 전통 김창숙 어리다 강하다 성격 생활 어머니 엄격 예법 대하 가족 관계 회상 이러다 경험 인격 갈등 체포 청년 절망 향하다 일본 순사 분노 저항 결심 기존 위기 선비 젊다 선택 상투 학문 태도 신발 반항 유림 지도자 독립운동 망설이다 기미 독립 급변 민족 대표 시위 교육 사업 참여 사이 분열 의견 병환 충격 자책 명단 제외 상해 운동가 부당 간섭 비판 동료 사망 비극 파리 평화 회의 나라 위하다 헌신 고난 두려움 극복 장서 번역 우편 계획 차질 조선 망명 중국 혁명가 손문 밀정 의심 고향 방문 학생 열악 의원 활동 모친 투쟁 위험 사살 사건 환경 개선 슬픔 공인 책임
조광화_미친_키스,2,0.8,65.03,81.03,실망 겪다 여성 배신 심리 고통 절망 혐오 기력 친구 연인 좌절 진심 신뢰 시신 주변 인물 열정 의심 사설 탐정 결혼 사이 감정 대립 사랑 표현 실험 과거 욕정 정열 구분 심화 육체 관계 소통 대체물 접촉 짝사랑 동생 집착 폭력 회복 모색 한편
오장군의_발톱,4,0.925,62.41,80.91,전쟁 죽음 공포 이별 징집 영장 사고뭉치 불리 비극 경험 겪다 동화 걱정 감자 가난 소작농 태양 나무 가족 과장 표정 복장 침투 훈련 참가자 무단 이탈 야간 부상 정신 혼란 장교 이등병 낮다 극심 움직이다 간호 반복 폭발 기관총 사격 전진 고통 상징 절망 느끼다 한편 아들 편지 긴장감 고조 청년 사이 장면 교차 확인 늦다 어머니 사령부 공격 방향 병사 두려움 분석 방어 전략 전투력 심각 과소평가 임무 투입 포로 논의 고립 역정보 사령관 후퇴 거부 잡히다 거짓 정보
가마소테누룽지,9,0.944,61.98,80.87,거실 다락방 하숙집 생활 구조 공동생활 배경 복잡 인간 관계 형성 직업 가지 공간 종사자 배우 지망 연령 변화 대학 다양 식당 부엌 연기력 태도 여인 예수 그리스도 소망 연극 애절 부활 고군분투 직장 갈등 지속 표출 경제 어려움 잊다 식사 시간 규율 노인 청년 이상주의 긴장 사람 사이 편지 사회 약자 현실 고민 가정 환경 과거 사업가 범죄 전력 빈정거리다 드러나다 미묘 냄새 문제 타다 음악 일상 소소하다 즐거움 대화 시작 아침 상대방 이해 화장품 간호원 스트레스 당황 걱정 응원 중요 오디션 참여 분위기 주변 생각 차이 드러내다 출산 바꾸다 거짓말 성공 실패 파티
게오르그뷔히너-단톤의죽음,4,0.9,62.84,80.84,반란 발생 혁명재판소 혁명 지도자 귀족 이어지다 폭력 처형 프랑스 공안위원회 반대 반대파 왕당파 음모 체포 정당 성직자 개인 갈등 인간관계 잔혹 한계 사회 심화 정치 독재 강화 표출 분노 민중 강력 처벌 요구 가난 시민 생계 국민 권리 회복 세력 색출 느리다 과정 희생 고립 급진 주의자 저항 급진파 자비 권력 투쟁 비참 입장 차이 고립감 느끼다 자유 무력감 재판 과거 위기 평등 적용 의회 위원
nabal,9,0.944,61.61,80.5,변덕 의견 변화 물건 바꾸다 시도 음악 자부심 고조 이후 판매 인하 혼란 갈등 노력 촉구 긴장 사람 생계 가짜 밀수 이동식 좌판 지속 가능 위협 사업 가정 문제 금괴 찾아내다 위험 상황 놓다 집안 몰두 사이 부모 경제 어려움 전환 과거 임무 부여 조직 졸업 침투 계획 발생 인원 작전 장애물 직면 긴장감 퇴각 방안 마련 성공 의중 이념 해석 차이 시간 이용 변전소 확인 사진 촬영 어둠 가족 아프다 아픔 할머니 비밀 대화 처치 구조 무속 신앙 정전 모색 위기 지하실 전기 복구 논의 구출 둘러싸다 대립 외부 배신 불신 부상자 생존 실패 내부 간부 파업
밑바닥에서,12,0.95,61.49,80.49,고통 갈등 드러내다 긴장감 감정 충돌 주변 인물 말다툼 지하실 깊다 안정 과거 평화 고민 복합 알코올 중독 진단 신체 건강 행동 책임 회피 원인 결과 청소 천재 강조 어려움 인간관계 주인공 인간 언어 빈곤 시달리다 불안 존재 도둑 교육 회의감 고백 기력 믿음 현실 도덕 문제 노동자 열악 절망 심화 기존 관계 복잡 부패 태도 의미 절감 얽히다 죽음 명예 양심 타인 대하다 반항 사회 귀족 몰락 사이 악화 주인 쓸모 없다 자괴감 영광 본성 자유 추구 지위 증명서
막스프리쉬-만리장성,10,0.96,61.22,80.42,시대 문화 교차 혼재 변화 일어나다 인간 본성 사회 다르다 배경 과거 현실 성찰 이끌다 복잡 과정 등장인물 권력 갈등 현대인 뒤섞이다 무대 세계 전환 혼란 몽고족 침략 황제 반역자 나폴레옹 전쟁 민심 불신 반감 위험 민주주의 필요 현대 기능 상실 부자 민중 목소리 놓다 농부 사람 갈망 왕자 생존 구혼 공주 아버지 엄격 통치 민구 체포 젊다 감정 운명 정책 반발 확인 명령 미래 물리학 우주 붕괴 사이 나이 차이 주인공 고립 상대 과학 관점 인물 시간 공간 설명 불안 자극 법칙 의존 역사 폭력 심화 대화 지속 절망 대신 처벌 사랑 고백 방식 공자 가르침 도착 넘다 시도 반복
사자와의경주,10,0.96,61.17,80.37,통화 현실 과거 목소리 생생 학생 나누다 대화 죽음 철학과 깊다 감정 경계 기억 상실 전화벨 사이 부부 교수 죽다 철학 병원 응급실 아내 간호 살다 교차 메모 사람 의미 심장 반응 분석 이야기 신문 사후 심장병 희생 갈등 심화 피해자 계단 주민 추락 허상 드러나다 아파트 상징 이용 주변 특권 목숨 바다 투신 자살 남편 영원 사랑 재산 대신 주장 해석 청구 소송 관련 전자 기기 반복 철학자 인간 심리 탐구 얽히다 진실 웃음 오해 겪다 의학 관계 사회 인식 언론 보도
베르나르다_알바의_집-가르시아_로르가,7,0.914,61.96,80.25,사망 장례식 친척 사이 냉담 고인 아내 사람 억압 갈등 집안 가장 독재 분위기 떠나다 가족 단절 절망 무력감 처지 한탄 여성 질책 폭력 당하다 마을 질투 사회 체면 권위 규율 강화 정신 쇠퇴 노파 마리아 단호 태도 압박 명랑 활기차다 불신 피로감 심리 갈망 기억 남성 밤중 의심 연주 교류 청년 아코디언 과거 농부 사진 사라지다 사건 본격 분노 폭발 어머니 숨기다 이유 긴장 고조 훔치다 다스리다 문제 마르티 심각 충돌 사생활 둘러싸다 결혼 경쟁 악화 대립 벌어지다
춤추는_인형들_그_아픔_끝에_매달린_우리들의_신화-엄한얼,1,0.8,64.22,80.22,민중 고통 비통 비극 일으키다 인간 패잔병 포위망 피로 마을 숨어들다 여인 환상 전쟁 강제 제압 폭행 갇히다 죽다 적군 접근 동료 극심 식량
라신느-페드라,2,0.85,63.1,80.1,왕자 관심 사이 생존 왕비 과거 적대감 분노 추방 반역자 혈통 공주 금지 고백 비극 마감 절망 자살 시도 고통 죽음 배신 왕위 계승 다툼 죄책감 사랑 권력 왕국 미래 걱정 가족 여인 극심 학대 갈등 성공
산불,22,0.968,60.71,80.07,거칠다 자연 환경 마을 지형 구조 깊다 산골 촌락 낡다 허름 주변 소백산맥 거치다 자연환경 일상 갈등 이듬해 겨울 부족 문제 일부 주민 충분 감자 곡식 부녀자 식량 공출 모으다 과정 심화 동네 저녁 공동체 불신 분열 사람 자위대 서두르다 기력 악화 과거 반동 감정 격화 세상 변화 절감 수확 사건 희생 가족사 남성 인구 감소 긴장 회상 슬픔 혼란 억울 집안 우울 불안 까마귀 죽다 마련 집합 기억 안전 대장 책임 전가 야간 근무 부담 명예 지키다 수탈 억압 절망 가운데 지속 위태 경고 위하다 단결 촉구
밑바닥에서,12,0.958,60.88,80.05,고통 갈등 공유 다툼 복잡 인간 관계 긴장 상처 감정 지하실 열악 공간 생활 과거 심리 기력 등장인물 역할 분담 책임 문제 인물 알코올 중독 부정 관심 태도 누적 긴장감 주변 걱정 건강 악화 죄책감 인간관계 표현 의미 회의감 중독자 시달리다 일상 생존 천재 교육 한계 아내 경제 어려움 도둑 의혹 시계 노동자 환경 정신 회피 변화 가치 무용 용기 절망 절감 명예 충돌 불행 고조 남작 귀족 눈물 경찰 평등 나그네 집안 처녀 발견 권위 대하다 부엌 읽다 떠나다 결심
국물있사옵니다,7,0.943,61.18,80.04,외로움 해소 교회 주인공 여자 교류 권위 직원 종교 아파트 여성 어색 심리 갈등 심화 사장 우연 인연 열정 사랑 이야기 관련 해고 없다 고통 피해 고립감 스트레스 혼자 생활 괴롭힘 시달리다 옆방 정체 불명 반복 관리인 사회 직장 어려움 남성 결혼 관계 발전 좌절 느끼다 가족 긴장감 수입 부족 방문 이웃 영화 관람 고민 드러나다 의심 행동 인물 체념 억울 의견 충돌 나이 형성 아버지 젊다 권투 선수 수상자 신체 사이즈 유니버스 적절 이사 배신 도움 발생 위기 끝나다 선물 내역 긴장 금전 손실 절망 승진 성공 행복 일상 시작
토말아리랑,11,0.955,60.94,80.04,악화 확실 마을 환경 주민 생활 어려움 낙지 어획량 감소 사람 생존 파괴 생계 위기 직면 미래 문제 심각 무력감 절망 갈등 심화 어민 위협 농사 시절 회상 심리 겪다 어업 부족 경제 가족 영혼 과거 도시 사이 괴리 기대 기대다 바다 잃다 인상 농촌 공동체 존립 정책 실제 증폭 노동자 전환 토지 매매 부동산 가치 상승 활발 읍내 갑부 관심 보이 변화 계획 논의 쇠퇴 붕괴 현실 주요 매립 공사 소리 황폐 떠나다 준비 산밭 충돌 한편 고기
택시드리벌2000,5,0.92,61.62,80.02,택시 기사 좌절 운전 복잡 감정 시달리다 첫사랑 여성 갈등 핸드백 로맨스 기대 사이 주인 재회 사회 쓸모 없다 면허 취득 자금 마련 가족 과거 사랑 타다 폭력 인생 고통 욕설 위협 긴장 위압 운전자 고립 공포 경험 혼돈 도시 남성 오열 대화 일상 미래 상처 반영 심리 심화 상실 이어지다 꿈속 어리다 시절 마을 지역 저수지 발견 비극 정치 현실 개인 교차 아이 임신 주인공 기억 극복 이러다 시작 결심 관계 깊다 핸드폰 담배 행복 여성상 상징 긍정 변화 모색 남자 환상 카드 비난 분노 가방 화장품 혼란 사진 애정 절약 전화
다리에서_본_풍경-아서밀러,12,0.95,60.96,79.96,주요 무대 관객 보이다 집중 공간 배경 층층 다리 사무실 자리 부엌 있다 최소한 가구 소품 효과 조성 연민 가지 노동자 갈등 관계 형성 책임감 무력감 느끼다 가난 가족 충고 사람 집안 긴장감 감돌다 변호사 현실 세대 가치관 차이 지역 사회 과정 가정 긴장 청년 독립 성숙 대하다 인식 신뢰 문제 구성원 보호 의무 취업 욕구 보이 해결 방향 시기 기다리다 누설 과거 이민자 합류 정체 숨기다 어려움 폭력 냉대 노동 계획 변화 경계 정보 겪다 수입 생존 사이 고뇌 세우다 현지 일자리 책임 머물다 장기간 이국 문화 도움 자동차 없다
베네킨트_사춘기,4,0.875,62.44,79.94,심리 영향 교육 사회 수치심 청소년기 혼란 갈등 드러나다 불안 충돌 논의 가족 공부 시험 종교 대하다 회의감 친구 생식 주인공 학업 인생 대부분 돌아가다 부모 관계 깊다 이해 가정 상처 개인 고뇌 복합 가치관 다르다 기대 억압 성별 정체 학생 성적 문제 위기 겪다 교무실 자진 자살 발언 교회 위선 회의 가난 학대 소녀 변화 학교 떠나다 빚다 구원 죽음 경계 고통 죄책감 절망 사로잡히다 한계 묘지 사이 헤매다 인정 평화 받다 살다 회복
난_영화배우가_되야해,11,0.955,60.83,79.92,젊다 여성 아버지 사람 다르다 할리우드 공감대 형성 배우 겪다 어려움 친구 대화 방문자 생활 방식 환경 차이 느끼다 경험 통하다 가족 관계 정리 혼란 할머니 죽다 무덤 살다 불안 외로움 극복 주인공 단절 기억 장학금 이사 가능 가족사 감정 친척 방문 폭로 갈등 긴장감 고조 과거 상처 심화 성향 예술 동안 회복 추억 드러나다 나다 짧다 체류 기간 인정 개선 실마리 나누다 마련 공유 죄책감 사진 보다 존중 분위기 열망 격려 조언
원술랑,12,0.958,60.75,79.91,반란 발생 당나라 세력 개입 긴장 김유신 장군 주변 군사 말갈 국토 통일 훼손 국경 백제 최후 순간 싸우다 가능 경계 강화 탄압 유학 배신 지도자 신중 대응 실망 분노 표출 몰살 마을 불타다 영토 요구 기습 공격 불가피 절다 세대 여성 경험 전쟁 장수 전사 참혹 휩싸이다 희생 도령 절망 백수 전투 나라 승리 군대 포위 주요 기도 이상 징조 비난 사랑 마음 용기 물러나다 목숨 참여 의지 생존 자책 주인공 두려움 가족 동지 명예 갈등 기적 자살 시도 원수 갚다 분위기 급변 노인 인하 희망 다지 겨울 두려워하다 빚다 사람 시간 고생 나무 미래 변화 기다리다 상대방 비용 문제
오필리어,7,0.929,61.29,79.86,수도승 오필리어 레어티즈 노래 슬프다 권력자 위험 경고 밝히다 인물 불안 강하 의지 후견인 되다 결심 퍼지 사람 마음 긴장감 조성 움직이다 죽음 주인공 선왕 유령 혼령 복수 도움 감정 표현 새벽닭 울음 지옥 명상 내다 분노 고통 남다 혼란 두려움 정의 사이 갈등 신중 행동 노력 부패 나라 귀신 저주 이용 아들 경쟁자 충돌 이해 복잡 가족 관계 독살 왕비 결탁 장면 목격 햄릿 복수심 확인 음모 아버지 죽다 불타 반복 비극 진실 사랑 살인자 원수 고백 해결 폭로 남성 대립 변화
밤으로의_긴_여로.유진_오닐hwp,22,0.977,60.31,79.86,가족 관계 전환점 갈등 변화 일어나다 마련 긴장 불화 심화 대화 결정 내려지다 여름 과거 사건 숨기다 아침 식사 친밀 평화 철학 서적 세밀 기색 보다 남편 단정 실용 태도 평범 농부 구조 다양 출신 대비 사람 불안 문제 재산 부부 건강 체중 증가 시각 고민 걱정 나이 들다 대하다 부동산 관리 자신감 드러내다 식당 투자 성공 사례 악화 고조 세대 나누다 아버지 민감 반응 아들 웃음 소리 차이 표출 기침 식욕 부진 아내 사회주의 무정부주의 가난 소작인 부유 크다 토지 분쟁 이념 충돌 강경 맞서다 승리 말라리아 돼지 석유
시련-아서밀러,10,0.96,60.66,79.86,마술 관련 소문 의심 소녀 아버지 마을 사람 불신 사이 진실 공방 원인 자연 설명 불경 추악 행위 주인공 위치 위태 악령 영향 의견 여자 불덩이 긴장 극대 개인 고립 공포 확산 목격담 퍼지다 나쁘다 해고 사회 나무 뛰어다니다 다툼 겹치다 주민 설교 갈등 고통 겪다 분열 악마 복잡 감정 과거 억울 추방 관계 단절 징후 사랑 여성 마녀 혐의 증인 재판 부족 영향력 사냥 의혹 신앙 문제 처형 위기 체포 가족 심리 과정 복수심 죄책감 검찰 폭력 심화 부인 무죄 권위 대립 절망 분위기 조성 교회 공간 혁명 변화
구슬하나-이중기,6,0.95,60.83,79.83,긴장 가족 이해 아버지 편협 사고방식 갈등 겪다 집안 대학 진학 자녀 입장 차이 구성원 정신 어렵다 미래 소통 어려움 공부 취업 문제 겹치다 긴장감 상황 복잡 독립 결정 내리다 자식 현실 의견 충돌 군대 지원 고민 가정 방문 장례 동생 고조 혼란 떠올리다 인간관계 사업 위기 사람 호감 학업 과거 형제자매 인하 신입 직원 취직 부모 부재 편애 실패 좌절 전문대 깊다 둘러싸다 인식 선택 단절 바쁘다 감정 격하 신체 가운데 할머니 노망 친구 보호 공장
그래도우리는_볍씨를_뿌린다-박범신,7,0.914,61.52,79.81,마을 인민재판 복수 극심하다 대립 비극 민족사 폐허 사람 협박 가족 파괴 아이 전쟁 아들 죄책감 소식 상처 극복 경고 공격 공포 갈등 산짐승 노파 기침 악화 불안 조성 불러일으키다 폭탄 식량난 내부 혼란 농촌 평화 며느리 위기 일상 폭력 사태 건강 읍내 구하다 경험 가지다 노인 피난 무릎 꿇다 부러지다 다리 심화 인민군 냉대 군사 수색 긴장감 과거 회복 굶주림 죽음 칭찬 변화 불운 남편 혼령 시댁 외로움 고통 비판 총격 집안 겨울 깊다 시어머니
산불,22,0.977,60.21,79.76,초가집 중심 농촌 촌락 낡다 소백산맥 공동체 갈등 지붕 변화 반영 이야기 전쟁 가난 자연 환경 겨울 이듬해 가족 구성원 생존 여성 분노 발생 내동댕이치다 사건 마을 부녀자 식량 극심 빈곤 추위 부족 상황 공출 위하다 곡식 사이 저녁 산골 격화 불신 분열 심화 일부 주민 인식 감정 대립 인구 부재 현실 어려움 문제 가족사 수확 과거 상처 두려움 허리 사람 먹다 참혹 광경 목격 군중 통제 그러다 공비 긴장 억울 죽다 젊은이 점검 집합 명령 불만 강경 야간 경비 강화 자위대 공동 투쟁 반발 정부 책임 전가 요구 거부 촉구
닐_사이먼_사랑을_주세요,21,0.976,60.22,79.75,가족 복잡 상처 할머니 성격 갈등 문제 연결 동생 고모 긍정 방문 알리 정신 엄격 폭력 과거 여름 긴장 두려움 영향 염려 심리 아이 압박 건강 태도 질환 미치다 숨소리 섞이다 말투 주의 혼란 슬픔 긴장감 감돌다 관계 회복 저녁 식사 배려 조심 가운데 깡패 계단 들리다 발자국 아이스크림 장례식 가족사 얽히다 감정 구성원 죽음 외로움 깊다 비롯 부모 소통 단절 남기다 상실감 벨라 불편 고백 중요 대화 유대 시도 목욕탕
다섯_가지_동일한_시선,5,0.92,61.33,79.73,인생 어려움 욕심 갈등 경험 계단 오르다 인식 엘리베이터 잃다 출입 통제 평범 행복 선택 아파트 현관 미래 여행 걸음 뒷걸음 반복 인물 혼란 책임감 조언 전하다 주식 가족 지치 결혼 생활 직장 시장 동향 대학 동기 과거 돌아가다 시간 옥상 고립감 느끼다 실패 원인 부정 실망 사랑 되다 경제 처하다 다툼 난투극 주인공 자식 관련 확실 주장 인격 희망 다수결 파일 두려워하다 붙다 가능 보존 발생 장면 변하다 환상 투자 사용 청년 실수 인하 흐름 운명 대하 철학 마지막 변화 인간 불안감 밤중 의료 마취 장비
타오르는_어둠속에서-안토니오_부에르_바예호,10,0.95,60.72,79.72,학교 흡연실 학생 시각 의심 조롱 젊다 가지 자신감 잃다 숨다 장애 유명인 이야기 나누다 늦다 침착 장애인 다양 감각 칭찬 사이 긍정 청각 방향 놀이 회복 교장 적응 아버지 생활 주변 격려 경험 교육 기관 대하다 편견 결혼 사회 직업 어려움 겪다 변화 지팡이 긴장 공부 가운데 태어나다 관계 현실 지도 아래 개선 우정 사랑 소외감 느끼다 인물 전쟁 고통 갈등 시작 상황 평화 희망 분노 깊다 강하 의지 예견 미래 떠나다
토막,5,0.92,61.31,79.71,가난 노인 가족 상호 지지 구성원 고통 경제 어려움 환경 불구 살다 관계 회복 가능 갈등 노력 싹트다 변화 모색 혼란 절망 집안 긴장감 일본 떠나다 토막 아내 재산 압류 사람 책임 태도 사진 확인 울음 사라지다 가운데 아버지 심리 가정 시간 지나다 기다리다 유일 생계 수단 고난 절망감 창피 위기 집행 부재 병환 벗어나다 갈망 두렵다 충격 오빠 종신 징역 깊다 슬픔 고조 이후 정리 희망 불안 죽음 동안 이웃
천하대장군_지하여장군,9,0.944,60.8,79.69,죽음 선택 남성 인간 사랑 이유 재회 목숨 존재 근본 고뇌 의미 희망 마을 앞산 언덕 고통 비판 학생 운동 갈등 탄압 회장 고문 권력 반란 진압 참혹 혐의 체포 군사 정권 대학 순수 공산주의 연루 사회 낙인 불행 살다 약속 어렵다 열악 생활 외로움 상처 이해 상징 임신 가족 부유 초월 강력 마당 목욕 고단 결혼 되새기다 결혼식 믿음 바탕 시련 불안 느끼다 행복 순간 결심 내다 과거 가정 현실 가난 정책 변경 고등학교 문제 불거지다 교육 교사 배정 과정 혼란 반복 무력 슬픔 효율 운영 장기 계획 바꾸다
다리에서_본_풍경-아서밀러,12,0.967,60.33,79.67,세트 가구 중심 구성 공간 마련 책상 무대 한쪽 사무실 부엌 침실 의자 배치 최소한 층층 다리 시각 융통 전화기 설치 법률 가난 설명 과거 폭력 가치관 충돌 사회 역사 해결 시련 갈등 뿌리 걱정 드러나다 지역 노동자 일상 여성 짧다 가족 관계 긴장 심화 확실 청년 취업 문제 표출 이러다 불안 행동 태도 노동 환경 성숙 기다리다 미래 이민자 필라델피아 이민국 감시 체포 경험 고통 거짓말 하다 일자리 사촌 합류 변화 시작 겨울철 부업 수입 문화 쌓다 공동체 경제 자립 위하다 신뢰 열악 생활 고향 돌아가다 부양 희망 안정 음악 통하다 소통
베데킨트-사춘기,4,0.875,62.14,79.64,청소년기 심리 혼란 아이 학교 시험 본성 사회 수치심 학업 부담 집중 힘들다 경험 긴장 인식 과정 제도 억압 생식 일부 우울 자살 가족 금기 갈등 부모 관계 깊다 개인 대화 상처 역할 여성 정체 사이 복잡 성취 신념 고통 친구 비난 발생 주인공 합격 문제 겪다 폭력 교회 떠나다 결심 멜히오르 보호 후회 헌신 의미 성적 가난 이유 모멸감 살인 대하다 죄책감 죽음 경계 진실 거짓 절망 과거 원한 감정 묘지 도덕 인간 한계 기회 변화 성장 다짐
그_여자의_소설,6,0.95,60.63,79.63,가족 갈등 핵심 생존 인색 성격 배고픔 사회 편견 떠나다 가난 소외감 느끼다 과거 심하다 꾸중 폭력 할머니 임신 초기 증상 심화 사이 남편 편애 경제 어려움 긴장감 출산 압박 봄날 벚꽃 놀이 며느리 불편 서울 생활 수습 애정 표현 예절 가르치다 가정 겪다 아들 요구 낳다 질투 의심 고조 죄책감 변화 독립군 부상자 드러내다 토지 개혁 통제 마을 고통 혼란 슬픔 지속 나다 서러움 드러나다 죽다 죽음 전통 의식 거행 인하 고향 악화 관련 비밀 감정 현실 여성 친자 관계 재산 상처 극복 전쟁 출생 결심 모색
피고지고_피고지고,18,0.967,60.25,79.58,환경 문제 작업 공간 열악 신체 부담 갈등 인하 주민 의심 외부 소음 작업자 피로 방식 속도 홍수 욕망 충돌 현실 어렵다 보물 발견 주인공 시간 비밀 노년 죽음 철학 대화 의미 모색 미래 계획 해외 사랑 체력 건강 악화 소유 원칙 의리 의견 차이 부정행위 심화 공동 결정 과거 잘못 반성 바쁘다 가운데 내부 분열 사업 확장 추정 토기 감정 우려 표출 신뢰 독점 경제 자립 공동체 관계 출발 배신 변화 의지 식물 재배 상처 드러나다 성공 제안 절망 경험 대하다 두려움 무게 죄책감 깊다 외롭다 벗어나다 강하다 고통 과정 죄의식 노선 자유 찾다 위하다 읍내 시내버스 운전
청춘예찬,2,0.85,62.54,79.54,갈등 핵심 증인 격화 감정 자존심 불안 고조 남자 가족 친구 만나다 거짓말 신체 위협 폭력 일본 떠나다 계획 건강 문제 과거 담배 운전 폭발 혼란 겹치다 경제 어려움 아버지 기력 자책감 희망 관계 악화 분노 정신 아프다
남자충동,5,0.9,61.52,79.52,주인공 일본 숨다 인하 폭력 감정 불안 심화 화투 뒤엎다 갈등 억압 도박판 여성 인물 가족 보호 결의 과거 음악 폭발 극심 집안 분노 아버지 공포 휩싸이다 절망 잃다 대립 권위 권력 도박 긴장 주변 판단 활동 다툼 사업 확장 압류 이혼 결심 고립감 느끼다 중독 자폐증 조직 긴장감 위협 고통 성찰 상대 통하다 패배 인정 문제 혼란 빠지다 격화 신체 충돌 붉다 인형 배신 공갈 협박 자책 관계 회복
뜨거운_양철_지붕_위의_고양이-테네시_윌리엄스,14,0.964,60.17,79.46,침실 응접실 가구 기능 요소 신비 사실 공간 빅토리아 시대 극동 설계 어우러지다 무대 조성 죽다 텔레비전 술잔 결합 자유 움직임 감정 여성 목욕탕 가족 불신 냉담 부부 불안 분노 훼손 어른 스트레스 갈등 아버지 악화 깊다 과거 모욕 외로움 상처 격화 방문자 명예 긴장감 고통 권위 겪다 생활 어려움 소통 긴장 하다 발목 충돌 회복 병원 진단 불화 가난 재산 사이 외도 의심 연애 강요 폭력 마지막 결혼 직업 좌절 분쟁 관계 사랑 우정 미묘 전통 할머니 장난 웃음 노인 생일 뒤섞이다 분위기 대화 가운 선물 교회 기부 의사 긍정
어머니,11,0.955,60.29,79.38,어머니 죽다 복잡 감정 경험 남편 입동 가족 일상 잠들다 사이 영혼 아파트 떠나다 받아들이다 과거 교차 음식 준비 전통 정월 갈등 애정 제사 이야기 들려주다 아침 식사 시간 연결 사랑 희생 유대 깊다 공동체 조화 기운 마을 활기 뱃사람 피어오르다 사람 만나다 일순 키우다 연애 결혼 물질 나누다 보이 배경 순수 낭만 대화 드라마 이유 집안 시집 현실 목숨 조선 비판 걱정 호랑이 사냥 회상 뿌리 운동 일본 강점기 불안 폭력 충돌 경제 어려움 고생 과정 고난 항일 미래 대하 거부 심각
땅_끝에_서면_바다가_보인다,4,0.9,61.31,79.31,목욕탕 고객 서비스 대하다 정신 역할 이발사 전화 경영 가위 사용 철학 선수 허강 시설 개선 의지 교차 머리 한국 랭킹 남자 동료 모임 준비 소개 치료 직업 나타나다 여성 태도 차이 사람 사이 과거 끝나다 다치다 발목 고난 수습 갈등 폭력 결의 나누다 권투 자격 부상 연장자 상황 싸움 절약 꿈꾸다 평화 이용 요구 긴장감 파티 형성 체육관 심리 고통 발작 결과 대하 불안 아들 시험 실패 절망 무대 사고 심사 위원 반응 댄스 연습 주인
불좀꺼주세요,10,0.95,60.23,79.23,현실 사이 갈등 복잡 감정 인간 존재 접촉 통하다 내부 사람 친숙 어색 신체 운명 우연 표출 평범 아파트 일상 상대 과거 상처 겪다 변화 외로움 살다 혼란 사랑 육체 관계 거부 정치 회복 자정 능력 사회 제도 스캔들 의원직 사퇴 기다리다 한국 여성 결심 우정 미래 대하 불안 책임 희망 교차 주변 미국 자유 생활 무덤 부인 비난 도덕 딜레마 순찰 차이 이해 가족 문제 이유 숨다 옆집 떡집 경찰 운영 어려움 후회 부부 의원 심화 교장실 교장 여교사 병원 복도 추문 전화 위험 사표 제출
갈매기,19,0.974,59.75,79.22,변화 인하 사건 인물 복잡 갈등 심화 시간 차이 흐르다 과정 관계 신분 이야기 전개 사이 가족 사회 방향 중요 영향 감정 간극 가난 행복 고통 불행 시골 생활 답답 부양 어려움 도시 적합 소음 불편 상복 극장 사랑 도덕 환멸 느끼다 고수 전통 심리 겪다 성공 인기 질투심 무대 관습 비판 아버지 계모 감시 늦다 도착 드러내다 여성 현실 긴장 예술 표현 충돌 주변 유명 배우 기존 형식 부재 이유 소외감 의사 명성 정직 궁극 영혼 고조 등장 악마 왕국 도래 예언 연극 생명 사다 하다 공포 고독 역사 기억 세계 배경 시작 미래
유랑극단-이근삼,13,0.962,59.98,79.21,연극 통하다 사회 여자 연기 경험 예술 대하다 열망 인생 참모습 탐구 단체 조직 시도 비다 무대 허무 문제 드러내다 모색 과정 갈등 개인 치유 추구 마을 심화 공동체 위기 고조 노인 강제 집행 위협 부채 토지 고향 떠나다 절박 경제 압박 청년 동네 처녀 고통 절망감 커지다 마음 사람 이별 상실 아픔 깊다 눈물 흘리다 애착 미련 짙다 없다 기차 조상 산소 단원 여관 경영 총독부 등록 극단 목격 절망 분노 소지품 팔다 활동 어렵다 어려움 외부 희망 극장 주인공 사랑 등장인물 죄책감 배신감 인물 사이 자살 소식 가족 비극 달하다 무게 시작 준비
뜨거운_양철지붕위의_고양이-아서_밀러,14,0.957,60.04,79.18,무대 등장인물 감정 빅토리아 시대 극동 침실 응접실 젊다 여성 극대 여름 저녁 중간 휴식 공간 이야기 배경 과거 고조 긴장감 형성 망가지다 원인 악화 가족 권력 건강 아버지 사이 불화 할아버지 분노 부부 조카 부모 재산 불러일으키다 갈등 격화 주인공 진단 식사 태도 소통 부재 치료 동안 아래층 음악 인하 관계 부상 고립감 느끼다 시간 할머니 소식 구성원 음주 문제 비극 가난 신체 고통 유산 둘러싸다 마지막 생신 다툼 도덕 결혼 분위기 조성 일부 농담 반응 파티 시작 교회 기부 전환 익살 기념물 대화 생일 의사 노래
사랑_만들기,6,0.933,60.51,79.18,사랑 이야기 연애 모순 탐구 벗어나다 연극 갈등 연구실 배경 심리 감정 구체 연출 학생 대학 사이 도덕 복잡 육체 접촉 중학교 시절 사모 교수 관계 치료 겪다 문제 대화 논쟁 벌어지다 긴장감 현실 경계 인물 변화 키스 계기 사건 과정 맹목 배우 다투다 논의 유혹 타이밍 확인 혼란 의심 다음 장면 성숙 혼동 충돌 욕망 질투심 비치 죄책감 인식 경험 청소년기 사람 짧다 실험 호기심 대하다 통하다 신뢰 대하 차이 분석 세대 깊다 제약
안톤_체홉_-_벚꽃동산,7,0.943,60.29,79.15,경제 어려움 대비 불안 깊다 벚꽃 동산 과거 가족 비극 관계 진전 혼란 기차 연착 기다리다 긴장 기대 반응 의견 충돌 청혼 단절 선언 새벽 심각 재정난 후회 불러일으키다 감정 복잡 죽음 관련 슬프다 재정 가정교사 희망 잃다 노력 위기 놓이다 긴급 은행 이자 상환 개인 갈등 심화 비밀 드러내다 자살 고뇌 예배당 주변 풍경 사랑 신뢰 배신 긴장감 고조 정체 변화 대하다 저항 대화 요청 발생 가난 도덕 분노 인물 사이 금화 인간 자존심 노동 비판 침묵 혼담 결정 지식인 저녁 식사 사람 결혼 고민 갈망 내면 주인공 무도회 마술사 카드 관객 환호 감탄 독립 놓다 선택
보이첵-게오르그_뷔히너,1,0.8,63.14,79.14,갈등 겪다 사람 풍자 여성 악대 표현 사회 편견 걱정 박람회장 동물 비교 공연 도덕 한계 자각 탐색 가난 희망 비난
시련-아서밀러,10,0.96,59.88,79.08,소녀 기절 침대 마을 마술 목사 자연 가능 원인 불경 행위 불안 공포 세력 몰아내다 음모 의사 해결책 모색 한편 불가사의 행동 의문 악령 사람 목격 긴장감 불신 혼란 죽음 이상 증세 과거 감정 관련자 극심 압박 옷차림 명예 생명 지키다 소통 터뜨리다 주민 사랑 호소 여성 고통 징후 해석 사냥 태도 설교 교회 운영 남성 부정 관계 봉급 문제 개인 유령 소행 주장 맹목 믿음 마녀 재판 권위 체포 처형 위기 따르다 사회 추방 시도 증거 부족 가족 긴장 고조 심화 고군분투 폭력 내부 갈등 두려움 집행 분노 법정 증언 절망 만연 부지사 부당 영장
방황하는_별들_윤대성,4,0.9,61.06,79.06,사회 억압 어른 청소년 현실 학교 겪다 갈등 한국 교육 문화 고통 미국 분노 느끼다 차이 공연장 무단 침입 평등 노인 텔레비전 지나치다 의존 비판 외롭다 소녀 돌아가다 경찰서 보호실 가정 따뜻 관심 성년자 야구 중계 촉구 장면 마무리 잠자다 권고 보호 하룻밤 부모 경찰 행동 질서 중독 차분 대화 문제 표현 전자 오락 시간 허비 자녀 소통 올바르다 성장 사랑 태도 악화 부재 상담 과정 용서 관계 회복 미성년 필수
돼지와_오토바이-이만희,14,0.964,59.77,79.06,인생 여행 비유 설레다 추억 의미 덧없다 성찰 짧다 들리다 장면 기다리다 무대 뒤편 혼란 감정 관계 자살 마감 바꾸다 사랑 여성 남자 건강 후회 행동 운명 한계 인정 결혼 감옥 아내 면회 사람 미묘 상처 성취 설명 문제 교사 실패 아픔 회복 전환점 인간 복잡 비교 한쪽 전직 대화 성공 전문의 과정 가족 변화 이해 마련 입장 갈등 대하다 과거 식장 예약 중요 수술 파트너 선정 성장 장롱 치다 대뇌 영악 존재 죄책감 심각 기형 발견 배신 죄의식 겉보기 어리석다 보이
비계덩어리,5,0.9,61.06,79.06,추위 굶주림 시달리다 긴장 분위기 조성 의견 충돌 일부 무리 이동 전쟁 폐허 낡다 건물 사이 과거 소문 도착 설명 모여들다 겨울 신중 접근 요구 프러시아 침략 부족 배고픔 고통 경제 압박 피하다 떠나다 이유 동원 대비 귀족 의심 갈등 빚다 여성 장교 냉담 태도 재산 자원 집단 대화 나누다 초래 불러일으키다 긴장감 전시 인간관계 복잡 적대 동생 군대 훈련 주인 끝나다 독일 출발 고조 여행 거부 불안 사건 행동 목격 격화 마차 열쇠 떠오르다 극심 감정 인물 침묵 혐오감 마련 기억 주변 냉대 상황 순조 보이 해방 축하 깊다
돌아서서_떠나라-이만희,8,0.95,60.03,79.03,애정 나누다 과거 위로 고민 가운데 자연 대하 그리움 예식 천주교 기억 소망 아프다 죽음 대하다 복잡 마지막 변화 감정 냉랭 관계 회복 노력 인정 사람 고백 가족 괴롭히다 갈등 공격 강원도 산속 케이지 갇히다 주인공 독방 조직 폭력 상처 농장 신뢰 다짐 인턴 시절 가난 책임 태도 실망 흐르다 용서 마음 아버지 경험 심리 고립 불안 병원 그만두다 선택 자유 추구 성장 참을성 심화 인간관계 친구 죽다 부족 갈망 일상 건강 문제 고통 사회 지위 겉모습 긍정 영향 바다 수영
미아리텍사스,5,0.88,61.43,79.03,객석 살피다 긴장감 무대 경쾌 울리다 연결 밝히다 소리 젓가락 장단 분위기 영화 겹치다 심리 남성 관계 비극 설명 여성 내보내다 갈등 주인공 복잡 사이 동료 걱정 일상 불안 취하 교차 술집 뒷방 절망 혼란 노래 일으키다 환각 고립감 느끼다 과거 트라우마 내다 신체 고통 결정 죽다 추다 사랑 대하 떠나다 개입 태도 충돌 감정 비난 연민 어려움 인간 심화 약혼자 관련 폭력 악화 인심 즐거움 찾다 시도 야박 경제 위기감 도망치다 맞서다 세계 붕괴 경험 떠올리다 군기 공간 인물 위협 자연 시간 흐름 고조 훈련 장면
홍동지는+살아있다,9,0.944,60.13,79.02,괴물 신하 사이 갈등 발생 가운데 궁전 승리 궁중 안정 장관 사망 소식 강력 근거 동지 대하다 처벌 찾다 고통 능력 갖추다 존중 교육 인간 만들다 자리 거부 박사 맡다 처음 짐승 수락 변화 의견 받아들이다 군사 행동 의사소통 건축 명령 칭찬 어리석다 반성 왕비 분노 관람 실수 유머 사랑 권력 성과 증명 과거 공부 놀이 배우다 인형극 돌머리 혼란 반란군 격파 죄수 휩쓸다 백성 반란 경계 강화 장군 임명 진압 생명 위험 침묵 장수 배신 궁궐 경비 의심 휴식 실패 긴장감 감돌다 공연 전환 시도
taxi,12,0.933,60.35,79.02,육감 직감 상황 단서 사건 긴장감 미묘 조사 갈등 가방 냄새 우유부단 직업 의식 압박 여성 결국 혼란 심각 교통 체증 혼동 정신 패배 골목길 계획 실패 사람 차량 타인 정체 대하 사랑 상처 공유 주인공 첫사랑 죽음 그리움 깊다 주변 영향 이야기 가운데 채소 겨울 변화 여인 가격 상승 출근 시간 택시 공항 아침 요구 운전사 서울 주요 풍경 이어지다 여자 위치 받아들이다 시민 설명 설득 명소 구경 기사 사회 불안 두려움 고립감 느끼다 위협 승객 과잉 진압 목격 출근길 학생 시위 바쁘다 일상 허기 과격 폭력 분위기 체감 점심
이근삼「국물있사옵니다」대본,6,0.933,60.34,79.01,회사원 주인공 외롭다 아파트 여성 어색 현실 도피 고립감 회사 사장 만나다 교회 다니다 시작 직원 싸움 철학 나누다 인간 대화 임시 고원 신분 스파이 역할 동료 비밀 문제 조직 갈등 음모 이웃 괴롭힘 당하다 고립 과거 직장 겪다 관계 변화 봉사 정신 일환 친구 동생 등장 취업 어려움 공유 미래 가족 모이다 예산 초대 인원 과정 긴장 자금 마련 고민 결혼 초대장 부담 충분 치수 논쟁 복잡 감정 여자 엽총 손질 긴장감 기존 상식 권투 선수 나이 의혹 신뢰 유니버스 수상자 준비 금전 피해 심리 느끼다 이혼 약물 남용 위기 비서 적절 화해 조짐 보이다 권력 강탈 탱크 계획 행사 결혼식
세자매,7,0.943,60.11,78.97,모스크바 이주 결심 자매 교사 가족 죽음 맞다 과거 미래 대하다 갈망 일상 젊음 소진 감정 교류 갈등 사모바르 노동 중요 떠나다 대화 방문 빈곤 연애 드러내다 학자 다재다능 사회 도덕 세대 지식 언어 능력 사람 사이 애틋 결혼 깊다 사랑 고백 복잡 느끼다 신뢰 호소 대하 현실 어렵다 과도 관심 당황 제안 농담 친근 좌절감 고립감 대피 혼란 공포 괴리 지위 촛불 안전 점검 건강 늦다 시간 경제 어려움 카드놀이 불타다 군대 도시 철수 파괴 절망 고통 실패 인하 죄책감 불안감 긴장 고조 군의관 화재 발생 가정 하녀 문제
밤으로의_긴여로(유진오닐),22,0.968,59.6,78.97,갈등 가족 관계 이러다 긴장감 고조 의견 차이 심화 처음 변화 초래 숨기다 비밀 여름 고전 문학 철학 남편 건강 단정 모습 농부 아침 식사 젊다 외모 사람 사이 깊다 거실 격식 불안 관절염 부부 현실 재정 부인 체중 감추다 긴장 기색 전략 대하다 부동산 투자 성공 증가 식습관 농담 식당 나이 신경 과민 태도 아들 악화 감돌다 아내 식욕 웃음 소리 신경질 대화 부진 걱정 바꾸다 가난 소작인 부유 겪다 돼지 사회주의 저항 의지 문제 들다 반박 재벌 승리 경제 의료 연못
토끼와포수,5,0.92,60.56,78.96,보이 친근 부탁 어머니 성격 의식 조심 다가가다 태도 불안 의심 행동 뻔뻔 주변 침구 챙기다 하숙집 가족 이웃 의견 차이 갈등 표출 기존 거주자 경계 포수 비유 이후 외로움 인형 신뢰 문제 발생 사업 대하다 관계 설정 가능 성공 재혼 의지 의사 급성 위염 진단 회상 건강 심각 강조 환자 지속 구토 증상 내리다 과거 약혼 계획 알리 토마토 주스 심화 두려움 죽음 복잡 감정 증세 악화 남편 결혼 관련 히스테리 일본 유행 방문객 출입 제한 혼란 긴장 아버지 토요일 저녁 김기호 영감 선거 이야기 중심 사람 도둑
소,8,0.95,59.92,78.92,마을 공동체 복잡 농부 아프다 가족 이웃 농촌 타작 장남 농사일 참여 대립 집안 명예 전통 자식 거부 갈등 기쁨 개인 아이 괴롭히다 긴장 고조 세대 가치관 차이 기성 의견 충돌 농사 생계 문제 향수 교차 유자나무 심화 계약 성사 변화 경제 어려움 청년 사람 다툼 심하다 독촉 여자 서울 의심 조롱 결혼 걱정 미래 강제 농민 이유 부당 소유주 폭행 느끼다 농가 핵심 빚쟁이 사이 거래 무산 연대 위기 일어나다 빼앗다 분노 슬픔 깊다 저항 촉발 뭉치 마름 소유 재판 토지 상쇄
길떠나는가족,6,0.917,60.55,78.88,예술 갈등 그림 통하다 독립운동 젊다 예술가 스케치 조국 억압 장례식 자유 꿈꾸다 분신 무대 환경 극심 가난 병마 사랑 독창 고향 돌아가다 겪다 여성 운명 끌리다 기대 사이 편견 겹치다 사람 만남 미래 가족 관계 조선 사회 혼란 스탈린 초상화 지속 진정 마을 혼례 남쪽 이동 결심 평등 과거 상처 극복 전쟁 공습 권력 압박 안전 위협 노인 일본인 수용소 떠나다 고뇌 빠지다 부부 사태 발생 청년 폭력 절망 극장 자식 결정 작업 자신감 부족 주변 이해 전시회 위기 무시 아름다움 국회 의원 주인공 억울 종업원 희롱 작품 상업 성공 경찰 은박지 거래 문제 철학 펼치다 집안 집착
검은새_usungm,6,0.933,60.2,78.87,반란 주도 이징옥 추진 의심 군사 이동 복잡 역사 상황 처형 재산 몰수 집단 선인 반역 음모 금나라 황제 무기 식량 비축 수양대군 배신 권력 장군 기개 존중 혐의 공격 북방 지원 임금 도승지 희생 비극 금령 위반 인정 영토 회복 도덕 충돌 나라 부흥 위하다 부활 열망 여진 통합 결단 고조 과정 여진족 애정 고백 보호 전통 의식 진격 마루 세력 등장 운명 내면 갈등 불만 표출 주인공 형제 아버지 정치 번영 다짐 종성 진군 계획 전략 대립 내일 격화 조정 정예 부대 집결 외교 대응 국경 경계 강화 불안 심화 결정 혼란 신속 출동 가능
소,8,0.938,60.11,78.86,농촌 가족 갈등 농부 아프다 농사 포기 항구 공동체 일상 바쁘다 마을 사람 비판 벌다 아버지 현실 어려움 가치관 차이 제안 거부 충돌 생계 문제 쫓겨나다 사건 변화 적응 노력 압박 자금 마련 의견 부잣집 상호 협력 신뢰 청년 결혼 구박 고통 겪다 서울 여자 심화 이유 들다 주사 절망 주변 장수 거래 분열 커지다 개똥이 농민 강제 소란 갚다 무산 읍내 주민 사이 의심 억울 추궁 폭행 선택 발생 동리 소유 재판 빼앗다 비용 절차 과거 나다 사용 유지 계약 용서 결국
유랑극단-이근삼,13,0.962,59.62,78.85,연극 사회 정화 공감대 형성 모임 재현 작품 인간 관계 문제 극복 어린이 역할 의미 탐구 조직 시도 시작 변화 모색 극단 마을 갈등 격화 공동체 연대 깨다 위기 의식 긴장 폭력 인생 무상 고난 강제 퇴거 고향 떠나다 절박 작별 인사 나누다 사람 마지막 슬픔 미래 출발 상징 조상 기차 빼앗다 불안 산소 경제 어려움 단원 직면 비난 내부 고군분투 생계 기존 매국 극장 무대 총독부 등록 안정 준비 슬프다 장면 회의 심화 사랑 비극 사이 혼란 감정 배신 가족 주인공 개인 상처 자살 긴장감 재정 배우 교차
정의의_사람들,9,0.956,59.71,78.82,혁명 참여 동기 세력 극장 갈등 발생 조직 진행 역할 암살 작전 계획 수립 적합 규칙 정하다 긴장감 존중 정보 수집 잠입 장소 신호 체계 혁명가 특이 평가 동료 겪다 이해 외롭다 인물 도덕 도달 각성 증오 신념 결단 중요 테러 행위 수단 위하다 폭탄 사명 받아들이다 조직원 준비 희생 침착 유지 두려움 죽음 영원 공유 전제주의 타도 기다리다 문제 정당 무고 실패 대하다 체포 자책 충격 살해 결정 목표 좌절 인하 임무 심화 발견 공격 테러리스트 무력감 고백 위험 투척 책임 절망 경험 감옥
출세기,7,0.943,59.95,78.81,광부 갱도 붕괴 광산촌 사다 규모 인명 피해 생존 구조 요청 사고 원인 경제 손실 급격 유입 사망 노동자 시위 가족 동료 불안 가능 분석 시도 응답 절망 제한 자원 정신 고통 외로움 어려움 시간 과정 의학 판단 의견 충돌 발생 구출 응원 구조대 김창호 광산 장애물 침수 염불 기도 다양 종교 단체 지하 미터 깊이 긴장 분위기 조성 대화 서울 병원 응급조치 진단 결과 심각 극한 굶주림 악화 생리 변화 시력 인물 기자 회견 토로 긴장감 감추다 언론 인터뷰 응하다 대하다 그리움 대중 모습 당시 이동 확실 미래 고민 이탈 생계 폐쇄
불가불가_이현아,20,0.965,59.49,78.79,감정 어조 예언 크다 재앙 위기 전환 완화 긴장감 고조 긴장 친근 제안 분위기 일상 대화 바다 대비 위하다 병력 소통 토론 진행 갈등 심화 주장 논쟁 국가 안보 위험 반대 과도 군비 해소 논의 침략 가능 양측 입장 차이 웃음 터뜨리다 연기 인지 역할 현실 사이 혼란 혼동 실제 행동 희생 주제 드러내다 과정 휘두르다 동작 죽음 명예 황제 항복 권위 일부 과거 잘못 반성 유지 인하 신하 쓰다 충돌 조롱 배우 공연 준비 어렵다 일어나다 대하다 의견 올리다 결국 위치 무대 조선 의미 표현 방식
칠산리,4,0.875,61.26,78.76,요구 자식 무덤 옮기다 결정 평지 주민 분묘 과거 가족 갈등 지역 배척 격화 사다 옮다 면장 문제 살다 죽음 공포 숨다 겨울 산속 아이 전쟁 배고프다 생존 저항 의지 재료 밝히다 마을 복잡 감정 해결 중요 불신 반발 낙인 사회 고통 억울 토벌대 출현 악화 대비 긴장 차별 이익 겪다 세대 차이 출산 이장 연대감 형성 두려움 반성 가난 편견 돌봄 책임 미루다 외부 시선 현실 수용소
막심고리끼_-_밑바닥에서,12,0.95,59.76,78.76,고통 갈등 주변 감정 충돌 지하실 인하 반복 다툼 시작 상처 어려움 생활 인물 과거 답답 느끼다 중독 알코올 진단 교차 복잡 건강 부정 영향 걱정 등장인물 일상 대화 행동 청소 인간 관계 비난 불안 친절 가치 강조 인간관계 내면 천재 신뢰 중요 표출 아내 돌보다 도둑 노동자 열악 환경 의미 절망 토로 심리 현실 생존 무용 긴장감 고조 살다 두려움 비롯 외로움 명예 양심 죽음 멸시 사회 신분 심화 주변인 받아들이다 굴복 몰락 자유 추구 집안 빈곤 귀족 길거리 문제 일으키다 증명서
뜨거운_양철지붕위의_고양이,14,0.957,59.58,78.72,무대 현실 침실 응접실 하늘 독특 가구 빅토리아 시대 극동 발레 등장인물 격정 초반 목욕 감정 긴장감 젊다 여성 자유 움직임 표현 가족 복잡 갈등 아버지 건강 악화 어려움 겪다 형제 틈타다 재산 사회 지위 결혼 이어지다 비참 저녁 식사 회복 과거 심화 부부 긴장 혼란 고통 아래 아래층 음악회 아이 문제 사이 질투 갈망 방문객 용서 즐기다 친척 간통 가난 평등 이혼 떠나다 진단 실수 상속 유산 신뢰 이해 미묘 드러내다 할아버지 불안 의사 기부 교회 정신 위안 생일 혈압 노래
돼지와_오토바이-이만희,14,0.957,59.57,78.71,비유 덧없다 의미 형성 짧다 인생 시작 여행 기억 경험 시간 흐르다 죽음 가치 드러내다 깨달음 마지막 기다리다 중간 과정 면회 고통 관계 어려움 인식 갈등 제기 감옥 아내 태도 차이 한쪽 결혼 남자 결국 자살 여성 만나다 건강 사람 미묘 과거 중요 전환점 복잡 감정 실타래 얽히다 설키다 운명 전개 변화 설명 문제 해결 대화 다음 만남 입장 마음 바뀌다 보다 무시 상황 가족 수술 성장 예약 장롱 음악 유전 이상 감염 대부분 신생아 약물 복용 부분 원인 산모 갈망 한편 의사 죄책감 혐오
돌아서서_떠나라,8,0.925,60.2,78.7,감정 공유 과거 위로 작별 자연 평화 나누다 마지막 세례명 대하다 소망 예식 천주교 휴머니즘 대화 법정 선고 장면 변화 가족사 개인 고통 냉랭 관계 갈등 표현 서툴다 인정 상처 고백 사람 부모 죽다 살다 약하다 동물 열악 환경 조직 폭력 주인공 후계자 문제 충돌 인하 어렵다 농장 친구 어색 생활 청산 가난 가족 자유 심리 고립 벗어나다 사랑 건달 선택 새어머니 경험 병원 침묵 나무 바라보다 외로움 견디다 죽음 그리움 사이 혼란 배신감 바다 수영 추억 책임 반응 건강 긍정 영향
가스펠,7,0.957,59.54,78.68,세례 주장 예수 회개 진정 신앙 신성 사명 시작 철학 갈등 상징 창조 인간 조명 하나님 따르다 외형 혈통 명예 한계 탐구 무대 설교 자비 메시지 몸짓 무언극 용서 가치 희생 관용 강조 신체 처벌 비유 탕감 분노 형제 표현 냄새 사랑 자선 사마리아 사람 위험 하늘 보상 교훈 죽음 이후 심판 습격 도움 부자 고통 이웃 산골 벗어나다 전달 실천 공동체 모습 돌아가다 환경 나라 타인 비판 걱정 집착 살다 재산 쌓다 씨앗 내일 아버지 고백 아들 잘못 동생 잃다 섬기다 율법 전통 종교 구하라 의미 노래
사자와의경주,10,0.95,59.67,78.67,부인 과거 기억 장면 죽음 상실 철학과 학생 통화 관계 떠올리다 마지막 남편 끝없다 홍수 고통 냄새 맡다 여름 무대 울리다 전화벨 아내 교수 죽다 투신 자살 철학 비판 집착 불편 부부 기사 계기 긴장감 고조 시간 전화 갈등 철학자 심장 의존 사실 해석 고뇌 희생 사이 혼란 아파트 계단 붕괴 추락 사랑 무형 가치 혼자 이익 살다 기능 잃다 인간관계 복잡 전화위복 물리 병원 투신자살 심리 불안 인간 강조 접근 치료 중요 웃음 불러일으키다 피해망상 스트레스 경제 비용 언론 보도 실제
밤으로의_긴_여로.유진_오닐hwp,22,0.977,59.12,78.66,갈등 드러나다 가족 의견 차이 관계 균열 생기다 긴장 중요 전환점 감정 변화 심화 하루 종일 대화 숨기다 비밀 여름 중년 부부 철학 서적 차례 아침 식사 공간 고전 문학 시절 간직 관절염 거실 주변 젊다 실용 옷차림 손가락 식습관 문제 건강 긴장감 부인 불안감 체중 증가 발생 식당 대하다 과거 부동산 투자 관리 신뢰 걱정 형성 아버지 아내 과민 반응 아들 기침 외모 성격 둘러싸다 식욕 부진 불러일으키다 부모 입장 사건 표출 가난 소작인 부유 가운데 병세 소통 무너지다 연못
강월도_인조인간,1,0.8,62.63,78.63,교수 긴장감 인간 구분 동생 재혼 실체 사생활 불화 둘러싸다 의심 병환 가족 형성 결혼 의사 주인 감정 교감 질문 부인 소문
유리동물원,11,0.973,59.17,78.62,가족 절망 대비 소통 과거 영광 환상 집착 과대망상 감정 변화 행동 보이 결함 소외감 고조 도심 아파트 설정 분노 형성 어머니 회의 학교 그만두다 이유 숨기다 혼란 결석 등록 취소 실망 불안 애국 부인 다니다 장기 심리 충돌 긴장 극대 압박 미래 빚다 직장 생활 어렵다 권유 활동 시작 음주 수면 부족 경제 자금 마련 대하다 이해 주인공 냉담 태도 동생 사다 긴장감 현실 도피 유지 마술사 공연 마법 책임 희생 차이 남성 늦다 시간 열쇠 기회 집안 기대감 자식 엄격 분위기 조성 청년 외모 성공 전쟁 사회 저녁 식사 조사 신뢰
죽음의_토크쇼,4,0.875,61.11,78.61,과정 알리다 방청객 공개 방송 진실 추구 감정 표현 실시간 협조 요청 도입 사회자 하버드 시스템 웃음 야유 다양 출신 변호사 사회 수집 반영 가족 갈등 임신 고등학생 불화 부모 관심 어머니 과거 경험 남성 관계 폭발 비난 나이 기준 윤리 문제 원조 소통 부재 연인 둘러싸다 질투 복수 분노 드러내다 우정 대하다 의문 신뢰 방어 반복 한쪽 충격 복잡 사랑 성별 무관 메시지 편견 연애 폭력 논란 대립 욕설 중절 격화 중재 지지
할_수_없이_의사가_되어.hwp몰리에르,4,0.9,60.61,78.61,굴복 부부 관계 분노 자존심 극도 악화 남편 폭력 아내 충돌 때리다 신체 상하다 이웃 의사 변덕 괴팍 성격 조언 나오다 갈등 배우자 인물 복수 능력 숨다 벙어리 증상 주인 나무 기술자 유모 건강 문제 치료 기능 장애 사용 아버지 접근 거부 긴장감 고조 이상 없다 원인 점검 요구 신경 혈관 실제 희생 가족 처방 처벌 면제 가능 결혼 계획 용서 구하다 다짐 사기 혐의 직업 편리 경찰 도착
난_영화배우가_되야해,11,0.945,59.69,78.6,젊다 여성 아버지 생활 환경 대학 진학 방갈로 방문 건강 집중 외로움 경험 영화 가족 복잡 감정 죽음 관계 회복 할머니 죽다 분장사 고민 변화 주인공 장학금 도움 적응 전화 방송국 적대감 실망 상처 갈등 떠나다 친척 드러내다 어색 사람 시도 신뢰 형성 어려움 역할 변명 배우 동안 오랜만 재회 살다 과거 현재 부재 자동차 주변 황량 대화 쌓다 거리감 문제 현실 어렵다 소통 계획 모습 교차 죄책감 인정 추억 공유 사이 특별 황홀 느끼다 가족사진 한편
동승-함세덕,6,0.917,60.26,78.59,슬픔 어머니 귀환 성장 시간 준비 고찰 올리다 내년 흐르다 기다리다 심산 가르치다 비밀 과거 구경 방문 스님 부모 고이다 극락 서울 인품 외모 믿음 강조 처녀 사냥 특정 대갓집 시주 분위기 숨다 가르침 사이 사람 긴장 의심 어린이 비탈길 생활 대하다 엄격 규율 위험 경고 번뇌 돌아가다 받아들이다 살다 시작 희망 망인 허락 빙판 걱정 제안 양자 가능 기대 나무 승려 잘못 토끼 사건 죽다 부처 노여움 이야기 부잣집 보내다 수양 설치 결국 젊다 결정 예의 범절
금관의예수-김지하,6,0.933,59.92,78.59,절망 신앙 냉담 태도 갈등 구원 갈망 노래 거리 고통 권유 장면 가난 겨울 한국 음울 수녀 불편 신부 관심 무대 방문 비판 불구 교회 정치 개입 도덕 문제 논의 만남 거부 인식 사람 정의 평화 위원회 해결책 마련 소극 임원 신앙심 의심 어리다 연민 열등감 욕망 공유 신분 차이 한쪽 예수교 현실 절감 반응 부유 꿈꾸다 예수 종교인 모순 설교 구걸 공사 헌금 사회 죄악 동전 꺼내다 권력 평등 체포 위기 고백 분노 표출 세월 멘트 눈물 괴리감 나다 백성 권위자 감시 발견
세일즈맨의죽음,18,0.961,59.35,78.57,벗어나다 불안 심리 가족 긴장 갈등 아들 자립 뉴욕 본사 취업 모색 결심 희망 살다 권유 과거 운전 인구 과잉 변화 기회 직장 인간관계 성공 꿈꾸다 경쟁심 내면 경제 어려움 도전 주인공 미래 서부 학교 운동 사이 도시 방문 미국 여행 계획 긴장감 형성 사람 친절 체험 시장 만나다 공부 여름 일상 생활비 자존감 소외감 느끼다 긍정 감정 경험 태도 인하 동료 비교 비웃음 당하다 사회 우수 애정 관계 겪다 자녀 고조 남자 문제 행동 성격 유지 발생 양측 상대 자존심
오이디푸스왕,11,0.945,59.65,78.56,왕국 위기 직면 왕비 깊다 인물 운명 예언자 다가오다 불행 고조 왕궁 재난 대비 긴장감 갈등 바이오 처벌 암시 재앙 시민 파멸 이끌다 죄악 도둑 도시 극복 원인 해결책 죽음 확산 명령 살인범 도움 요청 살해범 책임 짊어지다 진실 국가 의무 고통 겪다 자수 예언 권력 다툼 나라 배신자 비참 살해 정체 구하다 충성 비밀 출생 분노 혼란 과거 죽다 중재자 등장 관련 공방 이어지다 신뢰 문제 신성 맹세 강조 음모 고발 요구 분쟁 중단
몰리에르-수전노,10,0.95,59.56,78.56,가족 사회 반대 깊다 사랑 헌신 연인 도망가다 결심 자유 지키다 남매 사람 대하다 부모 엄격 인색 정당 남자 냉정 불안 두려움 비밀 주장 상대방 의심 신뢰 붕괴 억울 사다 인물 스파이 도둑 감추다 감정 피해 자녀 아버지 재산 갈등 심화 결혼 부유 중년 거부 문제 직면 여성 배필 고려 긍정 반응 안전 숨다 정직 정원 강행 파혼 계획 권한 부여 감탄 예언자 비유 젊음 가문 명예 지혜 정조 가치 존중 방안 혼란 겪다 대출금 배신감 탐욕 불리 고리대금업자 경쟁자 숨기다 높다 복잡 확인 과정
window,4,0.9,60.5,78.5,감정 격렬 충돌 슬픔 교차 고통 절망 노력 과거 상처 문제 직면 희망 변화 가능 연못가 사랑 모색 집주인 갈등 악화 성당 마음 사이 긴장 흐르다 결혼 축하 일어나다 소원 의미 한쪽 방식 해석 상실 현실 따다 생각 갈망 표현 가족 어둠 정신 병원 소외 자유 불안 감돌다 인식 자물쇠 기도 겪다 과정 불빛 아래 머리 오토바이 사고
들개-이외수,5,0.9,60.49,78.49,발견 계기 대화 만나다 여자 공통점 친밀감 언어 고정 관념 남자 노트 접근 거절 술자리 게임 깨다 표현법 일상 외로움 기력 절망 빠지다 과거 사랑 희망 대립 심화 주인공 고통 인간관계 경험 비밀 감각 의욕 잃다 기억 자존심 사이 건물 야성 추구 도시 문명 창작 어려움 의미 예술 제약 단절 험준 불안 건강 악화 재료 교신 굶주리다 외부 시작 변화 일어나다 고립 갈등 쓰다 결심 세계 완성 경제 허무 깊다 슬픔 신체 긴장 감정 충돌 겪다 시력 혼자 작업 그림 발생 모색 가뭄
이근삼_국물있사옵니다,6,0.9,60.48,78.48,외로움 느끼다 여성 이웃 어색 대화 주인공 혼자 영화 사장 분노 직원 인간관계 가능 경험 교회 나가다 체감 아파트 술집 싸움 사건 교류 시작 소통 관리인 지속 괴롭힘 출근 의심 옆방 회사 스파이 활동 폭력 구금 직장 임시 취직 행동 관찰 불안 기력 기대 형성 형제 한계 가족 예산 참석 친구 관계 본질 논의 경제 어려움 취업 관람 계기 비용 마련 초대장 결혼 계획 겹치다 며느리 비서 문제 갈등 일어나다 과거 자살 시도 태도 결정 부담 구하다 신체 사이즈 논쟁 다툼 심화 상사 적절 충격 격화 금전 대립 교감 위안 치르다 탱크 이어지다 협박 감시 이혼 야망 키우다
기도,3,0.867,61.11,78.44,어려움 직면 천국 기적 대하다 믿음 지옥 성서 바탕 순수 결심 희망 현실 한계 복잡 개념 고민 갈등 신성 겸손 희생 고통 주변 살다 깨달음 이익 타인 행복 단순 쾌락 선물 바치다 아들 보잘것 없다 환경 사람 십자가 선량 임금 죽다 부활 가운데 친절 부정 원칙 도둑 사기 나쁘다 변화 지루 의미 회의
돌아서서_떠나라-이만희,8,0.938,59.67,78.42,작별 인사 나누다 그리움 격려 가운데 마지막 예식 천주교 감정 갈등 교차 사람 떠나다 결심 세례명 확인 종교 존재 과거 의미 휴머니즘 법정 선고 장면 상처 솔직 관계 회복 가능 가족 죽음 맡다 심리 고통 고백 가정 환경 겪다 냉랭 소통 부재 괴롭히다 공격 케이지 갇히다 조직 폭력 열악 주인공 언론 오해 고립 심정 우정 쌓다 농장 문제 계획 가난 외로움 내면 아버지 책임 태도 인간관계 벗어나다 건달 생활 선택 부각 안정 사랑 배신감 균열 탐색 참을성 성격 자각 공유 미묘 추억
사운드오브뮤직.리차드_로저스hwp,14,0.964,59.1,78.39,갈등 형성 이야기 인물 심리 변화 오스트리아 배경 중심 사건 이끌다 전개 장소 관계 환경 맞물리다 긴장감 트라프 시간 흐르다 수녀 마리아 실종 사이 찾다 목소리 행방 파악 수녀원 불안 혼란 공책 확인 종소리 기도 규율 명령 교훈 전하다 대면 결정 청원 원장 노래 허락 일부 가다 태도 내부 교사 불만 도착 대령 집사 대화 과거 반응 체류 기간 예정 고조 호루라기 신호 나누다 가정 거실 방문 계획 점검 복장 행동 군대식 훈련 만남 엄격 아이 옷차림 교육 즐거움 경험 호출 행진
[뮤지컬]_지하철1호선,8,0.938,59.63,78.38,낯설다 서울역 광장 도착 주인공 새벽 취하 버스 지하철 반복 인신매매범 감시 기다리다 일상 좌절 경험 상자 사진 승객 관찰 불편 여성 기피 모습 갈등 적대감 팽배 높이 군인 제한 사랑 공간 머물다 소통 에이즈 골목 아픔 장면 약혼자 만나다 극복 가운데 부부 여학생 소매치기 소동 과거 폭력 나누다 행복 관계 대하 대화 사회 소외 개인 시선 현실 어렵다 아이 사이 불화 신뢰 붕괴 잃다 가정 긴장감 고조 범죄 고백 회개 희망 결국 잡상인 생활 용품 판매 지망 할머니 자부심 외로움 토로 힘들다 매니저 역할 문제 격화 가치 약물 투여 제안 가능 설득 노래 긍정 태도
로미오와_줄리엣,11,0.945,59.46,78.37,강하다 호감 만나다 상황 복잡 갈등 국면 사랑 알다 중재 얽히다 깊다 긴장 베로나 달하다 와중 격화 우울 산책 비밀 슬픔 영주 경고 충돌 반복 가능 양측 친척 하인 무력 원인 여자 존재 결혼 관심 거부 맹세 청혼 문제 절망 내면 원수 집안 의사 불청객 등장 고통 씨앗 뿌리다 사이 확인 밤새 사람 결혼식 신부 과거 남자 괴로움 아침 자연 위험 서약 로미오 비꼬다 아가씨 우려 드러내다 대화 만찬 초대 계획 알리다 유모 시작 신뢰 성당 기다리다
[연극]_물고기들의_축제,13,0.969,58.91,78.3,가족 깊다 슬픔 죽음 사망 긴장감 증폭 빠지다 대화 어머니 충격 상실감 소통 관계 복잡 드러나다 장례식 장소 학교 겪다 괴롭히다 숨기다 고통 과거 의견 충돌 파손 임신 인하 부모 불화 침묵 분노 무력감 느끼다 소외 동생 돌아오다 알리 경제 갈등 버스 혼란 생활 심화 준비 고민 중독 안정 암시 어려움 음식 문제 아버지 도박 날씨 남자 묘사 고독 분위기 상점가 외로움 상점 주인 의식 살피다 주변 사람 과일 가게 수박 들다
검찰관_고골리,3,0.833,61.61,78.28,긴장감 형성 읍내 성격 사회 역할 지방 관리 가족 유지 영향력 주변 인물 갈등 절정 작용 복잡 권력 구조 권위 부패 허영심 마지막 장면 감찰관 드러 관청 사전 차단 긴박 터어키 전쟁 가능 책임자 문제 병원 방문 대비 자선 행동 교원 자유주의 재판소 관할 시설 우편물 검열 강화 정비 청결 학대 주민 분노 거부 심화 존경 두려움 반발 감옥 학교 변화 음식 서비스 공공 점검 과정 사고
해로가,4,0.875,60.76,78.26,여자 분장 고양이 마음 무시 감정 관계 단절 상처 갈등 깊다 어머니 죽음 노래 통하다 간접 소통 환경 미화원 분노 비판 환경미화원 태도 쓰레기 더미 소주 인간 대하다 긴장감 고조 위협 가족 폭력 희생 부상 방치 심화 사람 책임 요구 누나 고통 외다 고백 두려움 혼란 순위 불구자 체포 주인공 맨홀 이야기 기억 미스터리 존재 대화 상실 과거 사랑 충격 비밀 희망 변화 도서관 입장 붕어빵 구매 중요
추락하는_것은_날개가_있다구,3,0.867,60.92,78.25,신체 폭력 남자 사진 보다 협박 아파트 내부 과거 피해 여성 여자 도망치다 통제 저항 권력 통제력 과시 의식 잃다 창문 인신매매 깊다 분노 좌절감 문제 좌절 경험 코미디언 되다 학력 대치 갈등 긴장감 목소리 대화 아버지 전화 통화 남성 배신 공유 심리 굴욕 격렬 충돌 상처 돌보다 신뢰 회복 고통 무력 사람 사랑
고구려_부르스,4,0.9,60.24,78.24,권력 장악 인식 귀족 충돌 심화 전쟁 내전 위기 병권 통합 내부 갈등 분열 역사 배경 후손 연합 문제 장기 부재 고통 대립 조국 혼란 두려움 고난 저항 포위 기대 나라 운명 싸우다 희망 일부 항복 마지막 배신 형제 별빛 혜성 미래 군사 몰락 상기 가운데 독립 지키다 부족 이탈 과거 죄책감 성벽 붕괴 식량 들다 긴장 당군 공격 천자 대하다 충성 잃다 백성 다툼 혼령 멸망 예고 격화 하늘 사라지다 민심 극심하다 생존자 신라 신궁 불타 재단
파수꾼.이강백hwp,3,0.867,60.89,78.23,마을 경고 긴장 임무 무게 두려움 소년 파수 반복 실감 교대 실수 엎드리다 노인 내습 감시 발견 전설 존재 침착 양철북 공포 떨다 비극 주민 피하다 위협 이리 점검 격려 용기 배우 성장 외로움 불신 갈등 심화 동료 일부 망루 부재 과거 구름 밤새 경계 피로 인하 단결 질서 유지
몰리에르상상병환자,14,0.964,58.92,78.21,주인공 분노 좌절 감정 격하 돌보다 갈등 치료 과정 냉소 약제사 소통 단절 태도 고립감 효과 비용 빚다 사랑 대하다 의심 순응 청혼 결정 확신 젊다 애인 관계 가족 사회 기대 경험 결혼 신속 여성 만남 운명 긍정 기대다 교차 복잡 저항 문제 거부 깊다 아버지 계획 주변 인물 건강 악화 고통 시달리다 심리 위기 겪다 유서 신체 원인 타인 무례 행동 노력 회복 집중 보호 통하다 활용 권리 남편 관습법 채권자 아내 계모 재산 음모 한계 확인 작성 도움 구하다 신뢰 제3자 유언장
선인장_꽃___애이브_버러우스,25,0.972,58.77,78.21,깨어나다 여성 혼란 사랑 유부남 관계 겪다 반복 실망 키스 가스 중독 아파트 들어오다 인공호흡 잃다 이웃 자살 치과 의사 깊다 좌절감 소외감 통화 불안 편지 보내다 지원 의존 생활 죽음 알리 상황 과거 아버지 마음 전화 라디오 켜다 환자 관리 방침 간호원 예약 진료 향상 진료실 치료 우선순위 조율 일상 업무 모색 화려 연애 갈등 통하다 감정 사이 변화 결혼 의식 발생 주인공 인생 방향 거짓말 신뢰 쌓다 긴장 완화 걱정 위기 극복 주변 인물 선생 중요 떠나다 어려움 인하 선물 장미 신속 대응 어렵다
이근삼_꿈먹고_물마시고,17,0.959,59.03,78.2,취직 군대 경험 식품 회사 연구실 관계 형성 부정 집안 여성 빨래 커피 준비 남자 사이 미묘 감정 균형 노래 추다 일상 다르다 불안 감돌다 여자 만나다 공유 오묘 평화 과거 공동체 만들다 배려 공존 인간 공감 도움 사회 관념 차이 형무소 가족 친구 동료 걱정 사고 대신 책임 이민 내력 연결 면허 운전 심리 갈등 겪다 대문 나누다 복잡 혼란 드러내다 새벽 실험실 평범 대화 사라지다 의문 환상 공장 진자 늦다 도착 변화 분위기 신뢰 무너지다 해결 실마리 격하다 폭력 민주주의 용서 사건 발생 의심 생활 조사 위하다
꿈먹고_물_마시고,17,0.965,58.87,78.16,취직 남성 요리 집안 여성 동의 커피 준비 다음 식품 회사 연구실 내보내다 갈등 생활 빠르다 적응 사회 시선 과정 행복 만나다 불안 고통 현실 표현 사람 솔직 과거 미묘 균형 인정 평화 유지 가정부 역할 출근 수감 주인공 타인 도덕 책임감 분위기 조성 개인 어려움 거절 성격 반복 병원장 이민 심리 혼란 겪다 걱정 교차 사이 동료 기다리다 긴장 분실 신뢰 공장 실험실 대화 나누다 경제 돌아오다 언니 건강 챙기다 관계 어색 회복 감정 폭발 폭력 다툼 격렬 용서 구하다 사라지다 가족 달라지다 심화 출처 실태 조사
조광화_종로_고양이,10,0.93,59.56,78.16,고양이 늙다 크다 낙원동 거리 농악대 낙원 다방 주인 감정 반복 바뀌다 소식 과거 늦다 오후 동양화 기자 대화 일으키다 사이 중국 교포 한약재 조성 현재 번지 지역 사회 긴장감 갈등 폭력 사태 쇠퇴 파고다 공원 경찰 개입 합창 대회 제안 잃다 여성 강제 한쪽 상대 폭행 세계 끌어들이다 긴장 가운데 사업 권력 다툼 분노 복수 다짐 시작 사람 미국 양이 세력 영웅 존경 떠나다 현실 인간 변화 애착 깊다 가게 확장 영역 분위기 개인 이해관계 충돌 연인 이별 상처 주변 인물 어려움 관계 고조 모델 그림
계수나무그림자속의우화-이중기,1,0.8,62.11,78.11,가족 세대 차이 긴장 가정 연애 편견 드러내다 감정 숨다 입양 문제 지적 외국 선물 갈등 고조
산불,22,0.973,58.64,78.1,마을 갈등 변화 낡다 허름 산골 열악 생활 특성 주민 겪다 어려움 영향 지형 소백산맥 겨울 준비 부족 여성 가져오다 식량 나누다 문제 심하다 말다툼 불안 긴장감 공출 곡식 저녁 사람 협력 불신 분열 합의 극복 과거 반동 논란 비난 모으다 과정 압력 현실 어렵다 상처 가족사 긴장 시도 두려움 슬픔 억울 군인 감시 도착 죽음 떠올리다 비굴 태도 대응 수확물 점검 대한민국 시절 충성 촉구 일부 경고 협조 야간 경비 공동 견디다 공화국 통제 강화 명령 지역
이용찬_가족,10,0.94,59.3,78.1,가족 위기 심각 구성원 변화 경제 어려움 심화 생계 갈등 격화 외부 신뢰 배신 긴장 고조 시간 사망 허망 죽음 부부 허무 충격 희망 느끼다 사건 은폐 문제 악화 형사 조사 촉발 사이 잃어버리다 시계 생활 태도 늦다 운명 타이밍 이유 과거 깊다 인물 술집 직업 책임 귀가 걱정 부담 독립 고립감 자각 심리 직장 자립 계기 집안 권위 겪다 과중 주인공 반복 실패 아버지 반대 동생 나이 사회 배경 존재 정치 입후보 준비 공부 필요 제기 미국 영어 통역 회화 여성 참여 여동생 설득
김봉웅_뜨거운_바다,9,0.956,58.98,78.09,갈등 심화 형사 경찰 업무 태도 해변 발생 살인 사건 부실 보고서 인멸 가능 의심 사진 문제 지적 방식 발견 역할 세대 차이 수사 방향 혼선 의문 도덕 논쟁 불러일으키다 자백 요구 제기 피해자 사회 낙인 편견 시도 의견 충돌 고조 용의자 증거 적절 장소 수사관 범인 확정 혼란 해결 어려움 책임 빠지다 범죄 패턴 지속 심리 압박 부족 권력 투쟁 양상 혐의 드러나다 부인 주변 유죄 입증 인하 인물 긴장감 감정 의도 사람 변화 내면 사과 답변 복잡 과거 경험 환경 회상 확인 과정 관계
다섯_가지_동일한_시선,5,0.92,59.67,78.07,인생 어려움 계단 오르다 혼란 겪다 엘리베이터 아파트 현관 미래 앞뒤 움직이다 동작 행복 가능 되돌아보다 주식 시장 동향 막히다 인식 점진 성장 생활 지치 주인공 옥상 과거 무게 돌아가다 위험 감수 결혼 회사 권력 다툼 입사 동기 기회 조언 가족 타임머신 시제품 점검 후회 드러나다 갈등 만나다 부정 세대 관계 현실 어렵다 비난 재테크 사이 긴장 고조 붙다 파일 뭉치 실패 경험 결국 사람 투자 성공 태도 악화 긴장감 난간 추락 사고 교차 가운데 청소년 시간 흐름 운명 개입 살다 확인 트럭 덕분 목숨 변화 인간 모습 관련 불법 불안
창_달린_방,4,0.875,60.54,78.04,심하다 고통 절망 나누다 희망 연대 자살 시도 관계 긴장 대하다 사랑 연못가 회복 과정 어려움 공유 대화 발등 얹다 과거 감정 충돌 격화 집안 불안 극명 드러내다 긴장감 인물 사이 갈등 도난 상실감 환경 파편 부상 대립 냉혹 현실 강조 타인 정신 건강 의하다 왜곡 좌절 회상 거울 배우 겪다 가족 상실 흔들리다 전구 병원 억압 편견 상처 혼란 기존 주인공 가스 중독 증상 가운데 사람 두통 결단 내리다 사다 직장 창문 위험
상상병_환자,14,0.964,58.66,77.95,대하 불안 분노 드러내다 약값 부재 무력감 치료 과정 의문 주인공 약사 관계 고립감 느끼다 문제 건강 갈등 확산 요청 반응 긍정 받아들이다 결혼 결정 공식 사랑 대하다 의심 진심 젊다 애인 여성 아버지 승낙 신뢰 기대 가족 사회 기대다 교차 복잡 의사 지키다 노인 집안 인척 강제 반대 맺다 간호 강압 요구 보호 세력 협박 고통 신체 주변 사람 겪다 심리 극심 심화 원인 상대방 깊다 위기의식 타인 무례 행동 장난 유언 재산 아내 돌아가다 개입 채권자 활용 가로채다 음모 발생 편법 제안 해결책 친구 상속인 지정
자살에_관하여_이강백,6,0.917,59.54,77.87,남편 고추 먹다 육아 상담 경험 과거 자살 시도 여성 깊다 라디오 문제 없다 전화 통화 동안 기다리다 갈등 상처 욕망 태도 감정 이해 강조 사회 이슈 부상 개인 고통 차이 인식 농담 섞이다 반응 프로그램 인기 옹호 슬픔 충동 표현 방송 비판 심화 긴장 근본 가족 사고 과정 냉정 포함 문제점 녹음 검토 청취자 많다 집착 걸리다 반복 본연 목적 집중 변화 위기 낯설다 생명 구하다 주장 동생 사랑 대하 극약 처방 중계 아이디어
진짜사랑거짓사랑_톰스토파드,9,0.944,58.98,77.87,사이 상투 관계 경매 대하다 의심 신뢰 문제 스위스 여행 사업 여권 카드 피라미드 떠나다 미술품 무대 덮다 장면 과거 음악 찾아내다 고르다 상대방 기억 인생 전환점 긴장 좌절 선택 부정 빈정거리다 오가다 긴장감 일부 갈등 해소 최근 공연 실패 발생 샐러드 모임 참석 계획 취향 차이 부족 느끼다 요리사 고용 제안 준비 과정 요리 독창 구명 운동 위원회 만남 감정 비밀 미묘 복잡 드러나다 숨기다 사람 심리 미래 대하 불안 부상 기지 시위 죄책감 혼란 기차 해병 참여 중형 충돌 용기 이유 별장 근처
누가_버지니아_울프를_두려워하랴_에드워드_울비,20,0.97,58.44,77.84,부부 예기 상황 아내 당황 남편 부담 느끼다 삐치다 무심 태도 의견 차이 언쟁 갈등 대화 기력 활발 과거 반면 비난 외모 행동 나다 취향 지식 성숙 나이 교수 사회 파티 경험 심리 드러나다 긴장감 교류 어려움 분위기 극복 과정 네트워크 확장 회상 표현 유머 겪다 대학 관계 대하다 혼란 심화 좌절 열성 사이 딜레마 생각 감정 복잡 발생 희망 긴장 동기 위치 확인 남자 학문 형성 생물학 나누다 유전 인자 염색체 불구 입장 존중 비교 친근 유부녀 유혹 놀이 역사 대하 회의 운동
들통,2,0.75,62.84,77.84,태어나다 내면 갈등 희망 표현 아버지 정체 고민 부재 자유 선택 용기 진실 달다 가족 부정 비판 바라다 보다 인생 지적 방향 부패 무력 느끼다 깊다 충격 고문 대신 대화 교수형 처형 관리관 집행 사회 불의 압박 신념 의미 감시 관계 형성 한편
물고기들의_축제,13,0.946,58.91,77.83,드러나다 가족 죽음 슬픔 겪다 죽다 추락 사망 사건 소통 부재 발생 방식 어색 대화 빌딩 배경 부각 갈등 위험 노동 환경 감정 불안 장례식장 장례식 깊다 상처 중상 과거 현재 소외 어머니 임신 분노 절망 동생 흔적 느끼다 추억 긴장 가운데 아버지 복잡 무력감 성인 경제 혼란 준비 과정 장례 절차 소외감 이해 노력 도박 문제 날씨 노인 상점가 긴장감 감돌다 상점 주인 행동 수박 인물 얼굴 사람 표정 의식 나누다 들다 과일
꿈_먹고_물_마시고,17,0.959,58.64,77.82,대신 환경 적응 여성 연구실 취직 식품 회사 남성 커피 준비 머무르다 군대 취사병 경험 자연 형성 의심 일어나다 남자 떠돌이 생활 고단 과거 정체 여자 낯설다 현실 위안 행복 고통 어렵다 의미 살다 사생활 관계 균형 어려움 암시 가정부 역할 확인 일상 대화 보수 병원장 사랑 기반 희생 교통사고 잘못 여인 사이 갈등 환상 장면 전환 결혼 상징 긴장감 감돌다 분실 문제 신뢰 드러내다 늦다 도착 공장 충돌 용서 심각 무너지다 긴장 발생 사라지다 출처 변화 양심 민주주의 시대 사람 화장실 시간 흐르다 인력 조사
남편을_죽이는_서른_가지_방법,5,0.88,60.22,77.82,아내 심리 위기 억압 분노 사이 소통 심화 쌓이다 부부 가정 생활 비판 바라다 보다 관계 폭발 갈등 겪다 폭력 상상 현실 경계 태도 혼란 외출 의심 남편 통제 냉랭 절망 긴장감 불안 부재 저녁 식사 전화 통화 죄책감 시달리다 이혼 조언 뺑소니 과거 상처 잊다 사망 여자 해방감 여성 의사 상담 극단 선택 고민 사고 목소리 인식 살해 동기 감정 드러내다 경찰 떠올리다 형사 자백 내면 외로움 깊다 살인 충동 진실 거짓말 시절 결혼 집착 감시 발견 과학 수사 대하다 아파트 주차장
등신과_머저리,9,0.933,59.14,77.81,살인범 살해 사건 경찰 기록 범인 교도소 누락 수사 체포 수사관 모순 발견 진급 늦다 인간 범행 동기 경력 수감자 바퀴벌레 인식 감옥 생활 냄새 공유 아내 연대감 형성 사회 피해 의식 가족 고통 취직 재혼 고민 부부 관계 현실 과거 사랑 상처 갈등 두려움 시달리다 편견 피해자 대화 교차 신혼여행 열차 녹음 테이프 도망 강제 발생 신분증 은행 검은색 승용차 급정거 들다 도덕 타락 찾다 납치 숨기다 무기 긴장 총격전 증인 진술 미스터리 가운데 등장인물 차량 수배 시체
달라진저승,7,0.914,59.53,77.81,가난 고통 절망 굶주림 병마 폭력 생존 재산 잃다 경제 부유 태우다 가족 관청 억울 가운데 부자 울음소리 평등 드러나다 세금 문제 과정 지역 사회 이해 연극 자체 회의감 토로 사랑 희생 의미 배우 대본 태도 비판 책임 사자 강압 상징 표현 장면 설교 하느님 형제 소녀 저항 갈등 수용자 반발 규율 내세우다 인정 신뢰 회복 합리 협조 요청 공연 재개 설치 식사 자유 보장 창문 혼란 사이 발생 역할 배분 붕괴 일방 삭제 결정 과거 제도 도입 변화 위태 연출가 사과 예술 본질 포기 시도 관객 촛불 나누다 무대 상황 심화 조명 영원 가치 주장 물리
소-유치진,6,0.917,59.42,77.76,가족 갈등 농부 확산 공동체 분열 심화 심각 주민 사이 마을 사회 변화 이웃 농사 방식 고집 농사일 대하다 아버지 전통 차이 드러나다 세대 가치관 치르다 바쁘다 말똥 반항 불화 책임감 점검 국서 갑작 병증 수확 타작 농가 경제 어려움 빼앗기다 위기 사람 귀신 정신 문제 해결 절박 유자나무 여성 고통 조롱 압박 상황 복잡 분노 스트레스 절망 빠지다 감정 강압 교섭 이해 판단 주인공 시달리다 계약 결심 건강 미래 농민 시행 독촉 수확량 직면 농지 곡식 많다 희망 거래 부지런 자식 제도 현실
테네시_윌리엄즈_여름과_연기,15,0.96,58.54,77.74,소녀 감기 얼굴 남자 아이 장난 공원 분수 우정 이상 미묘 형성 사람 천사 감정 긴장 설명 손수건 호기심 교차 아버지 실망 엄격 가족 영혼 영원 갈등 주인공 고통 두려움 불안 시달리다 믿음 현실 냉소 신경 증세 숨기다 공연장 사회 기대 무대 교류 미생물학 연구자 연구 대하 대화 존경 가운데 열병 비판 조롱 책임 치료 주변 걱정 관련 증상 사랑 긴장감 모자 분실 부인 알다 고백 과거 전화 통화 발생 한편 나타내다 와인 모임 준비 학생 정체 변화 충돌 참석자 의견 깊다 분노 태도 부정 평가 사이 밀러 낭독 예술 알마
아름다운사인,3,0.933,58.99,77.66,조사 사망 원인 사고 경위 과정 엽총 자살 파악 집중 고층 건물 차량 추락 다양 가족 나이 국적 세부 정보 공유 여성 사건 청소년 배경 사망자 연속 폭력 지목 죽다 겪다 고통 죽음 방식 스트레스 학교 복잡 감정 의미 후회 의문 사회 인간 관계 절망 시체 두려움 달다 무게 소박 깊다 성찰 나누다 행복 무너지다 갈등 부각 음악 현실 인식
다리에서_바라본_풍경,12,0.958,58.49,77.65,무대 인물 침실 이러다 구성 설계 관객 상상력 사무실 공간 최소한 가구 이동 시각 융통 확보 변화 갈등 효과 부엌 노동자 일상 역사 고난 처신 문제 평범 변호사 가족 여성 행동 경제 부담 조상 비극 보호 의무 긴장 청년 태도 사회 책임 신중 취업 성숙 대하다 불안감 독립 결정 요구 고조 신뢰 식사 자리 미래 이민자 갚다 일자리 구하다 이민국 감시 협박 어려움 노동 소득 사촌 안정 상환 기차 총격 사건 일정 생활 힘들다 수입 벌다 이야기 나누다 희망 고향 자동차 음악 없다
몰리에르-수전노,10,0.95,58.61,77.61,태도 설득 시도 사랑 신뢰 확인 아버지 냉정 사회 시선 가족 관계 불안 갈등 떠올리다 정당 여자 과거 위험 경제 어려움 고백 떠나다 도둑 의심 감시 스파이 욕심 비판 훔치다 주장 상대방 인색 억울 호소 결혼 거부 극단 두려움 시달리다 숨다 재산 대하다 상대 오해 신중 중년 남성 자녀 노름 여성 긍정 평가 부유 지참금 파혼 권위 젊음 가문 명예 감정 의견 무시 예언자 통찰 위하다 계획 이익 추구 수락 탐욕 격화 숨기다 해결책 경쟁자 주인공 분노 이자 복잡
우리는_나발을_불었다,9,0.933,58.93,77.6,판매 품목 바꾸다 시도 가짜 밀수 반응 인하 어려움 처음 활기차다 자부심 위하다 추다 이동식 좌판 변덕 시간 지나다 둘러싸다 정치 음모 겪다 생계 처치 노파 조직 지령 저택 숨다 장사 환경 대하다 갈등 거부 형벌 과거 환기통 문제 마련 성공 신속 대응 요구 대응책 침입 금괴 탈취 실패 대비 구체 계획 긴장감 작전 통하다 가족 상처 극대 지하실 생존 방안 집안 암흑 세상 복잡 되다 외로움 두려움 긴장 심화 전기 무속 신앙 무산 긴급 구출 불안 환기 응급 의심 폐업 이어지다 위험 노조 간부 공사 준비 철거 파업
분장실,4,0.925,59.03,77.53,독백 표현 연기자 격화 분장실 긴장 여배우 상처 갈등 슬픔 악화 교체 가운데 사람 관계 고뇌 교차 공간 위태 깊다 고통 연기 경력 연극 경험 역할 주인공 살생 도둑 회상 과거 무대 세대 차이 인정 미묘 긴장감 용서 간청 맥베드 고독 동료 인생 존재 충돌 내면 변화 니나 한쪽 명성 희생 폭력 회복 준비 결국 현실 작품 오르다 다리 모색 조명 모습
피그말리온-조지_버나드_쇼,22,0.964,58.25,77.52,소녀 변화 실험 교수 동료 음성학 인물 관계 도움 사회 편견 갈등 정체 문제 복합 관찰 대상 배우 신분 상승 움직이다 택시 부족 많다 사람 차량 구하다 거리 나가다 선택 가족 불안 심화 폭우 쏟아지다 예약 차다 분노 상대방 내몰리다 여성 요구 일어나다 경찰 연관 의혹 실패 기력 존경 주장 교통 수단 찾다 발생 감탄 능력 일부 불편 스피치 비판 군중 호출 자리 떠나다 가난 냉담 빈민가 출신 고급 대하다 타다 자선 결심 무시 언어 교육
셰익스피어-말괄량이길들이기,7,0.929,58.93,77.5,주인공 혼수 웃음 긴장감 착각 장난 계획 아내 연기 귀부인 복장 침실 옮기다 병환 남성 사이 유리 무대 사냥 경찰 부르다 귀족 배우 허락 젊다 결혼 자유 비앙카 희극 공연 제안 여성 위하다 고심 마음 즐겁다 갇히다 교육 학문 예술 균형 구혼 혼란 걸림돌 의지 여자 운명 개척 결심 말괄량이 접근 험구 유명 재산 많다 성격 크다 고향 떠나다 아버지 문제 모욕 가족 갈등 남자 극복 시험 과시 가운데 비유 지참금 긴장 계약 논의 공격 우려 자신감 보이 준비 경쟁 주변 혼담 협상 진행 베니스 의상 혼인식 신랑 고집 세다
분신_-뒤렌마트,2,0.85,60.48,77.47,주인공 무죄 살인범 동일 문제 죄책 인간 죽음 명령 사형 판결 대신 철학 육체 가지 분신 논쟁 갈등 심화 살인자 운명 절망 빠지다 죽다 긴장감 형성 남자 겪다 심원 정의 대하다 갈망 도시 미스터리 공간 권력 허상 목격 체포 감금 변호사 살인 강요 고백
까몰레티_누가누구,21,0.967,58.11,77.44,친구 로베르 주말 남편 친정어머니 계획 조정 방문 일정 아내 변경 주인공 변화 특별 음식 요리 가족 역할 재회 방문자 구조 주인 사람 관계 숨다 선택 갈등 쇼핑 식사 준비 소식 긴장 조율 독감 걸리다 여성 모델 사이 알리바이 만남 예상 곤란 친정 가다 트다 주변 인물 의심 수잔 같다 가짜 연애 위기 해결 거절 제안 기차 애인 도착 고민 가운데 수잔느 파리 돌아가다 복잡 감정 억누르다 알리 문제 고백 기다리다 동안
뜻대로_하세요,12,0.958,58.27,77.44,생존 복수 갈등 심화 배신 충성 문제 사랑 권력 다툼 운명 크다 변화 위하다 긴장 얽히다 추방 대립 협력 복잡 동생 신분 숨기다 발생 권리 교육 돌보다 품위 위험 해결 가운데 신사 요구 거부 유산 애정 공존 젊은이 강력 상대 씨름 과거 적대 관계 성격 주변 불안 자매 고통 아버지 승리 용기 반역자 낙인 처형 심술 폭발 귀족 집안 노인 재산 떠나다 결심 지르다 음모 인물 개입 의심 주인 없다 목장 사촌 언니 절다 열정 동료 죽음 극심 세상 허영 위선 절망 격려 회상 자유 태도 의지 비유 역할 고난 배고픔 상황 모임
태,2,0.8,61.4,77.4,유해 수습 신하 사이 긴장 충신 희생 비극 복위 움직임 혼란 심화 세조 분노 관련 인물 처벌 위기 드러나다 배신 의혹 확산 생명 구하다 통정 체포 세력 명령 놓다 갈등
사랑을_주세요,21,0.967,58.04,77.38,가족 갈등 긴장감 고모 사이 복잡 관계 드러내다 할머니 방문 얽히다 상처 정신 문제 대화 드러나다 형제 죽음 여름 긴장 스트레스 태도 엄격 관련 지속 심리 질환 특이 말투 불안 두려움 비슷 환경 열쇠 잃다 들어오다 감정 혼란 삼촌 깡패 건강 기다리다 벨라 저녁 식사 준비 창문 아이스크림 기억 장례식 과거 부재 소통 예절 교육 필요 구성원 부족 형제자매 불편 심경 걱정 에디 시간 눈물 어머니 마음 목욕탕
장화홍련실종사건,4,0.9,59.36,77.36,수사 가족 갈등 맞물리다 심화 판정 사건 관련 실종 관계 드러나다 동생 사이 복잡 홍련 고립 배경 긴장감 신관 마을 장화 무법 살인 국법 지역 관습 의혹 증폭 자매 낙태 알리 전통 냉면 가격 판매 쇼핑 피해자 대하다 동정 분노 대립 경험 통하다 위기 여성 슬프다 진실 보고서 작성 어둠 연못 교살 처형 살인죄 체포 죽음 얽히다 결과 태아 정의 실현 선포 백성 비통 추정 아들 불안 의문
블랙코미디-피터셰퍼,14,0.943,58.49,77.35,예술 가치 인정 결혼 불안 조각가 약혼녀 아파트 자신감 보이다 격려 신뢰 아버지 갈등 가구 들여놓다 긴장감 과거 연애 용기 백만장자 방문 접촉 발생 혼란 전화 가능 어둠 직원 문제 해결 어렵다 방문객 나타나다 지하실 전기 회사 주변 환경 몰락 변하다 사람 감정 휴즈 독일 브린즈리 성공 작품 구입 불편 수리공 배경 마련 경제 변화 기대 사용 화실 우산 경험 확실 상황 이어지다 촛불 손상 복구 약속 긴급 대책 필요 대하다 두려움 비싸다 공급 끊다 결정 비밀 유지 끊기다 가스 집안 불꽃 인물 누출 위험 심화 위기 벽장 있다 라이터 자제 암흑 주장 성냥
이오네스코-코뿔소,12,0.933,58.68,77.34,대화 코뿔소 태도 드러내다 갈등 주민 위기 일으키다 고양이 희생 걱정 평화 마을 광장 빠르다 한쪽 기력 건강 사고 논쟁 핵심 구분 손실 격화 논리 학자 문제 벗어나다 진위 인종 슬픔 신뢰 목격자 증언 직원 멈추다 심화 중단 업무 집중 목격 주장 작업 본연 명령 사이 목격담 상상 반박 돌아가다 현장 긴장감 출근 상황 점검 작업자 소음 의견 충돌 발생 부장 결근 아내 남편 감기 경고 전달 알리 교정 건물 계단 붕괴 아래 고통 낡다 해결 긴장 사람 무게 가운데 협력
키스,2,0.7,63.32,77.32,오해 다툼 이해 소통 침묵 간헐 대화 단절 감정 긴장 불편 관계 회복 과거 같다 질문 비밀 없다 인식 의미 동기 표출 무력감 갈등 억압 혼란 슬픔 느끼다 고뇌 두려움 불안 폭력 사랑 뒤섞이다 모순 상처 아픔 인정 변화 겪다 상대방 결국
그_여자의_소설,6,0.933,58.63,77.3,시집살이 경험 가족 작다 할머니 비난 폭력 분열 긴장 감정 설명 과거 가정사 작은할머니 변화 유래 극심 가난 권위 권력 다툼 관계 경제 어려움 남편 갈등 고조 며느리 분위기 악화 보다 문제 다르다 장손 이름 신체 접촉 아내 임신 여성 아들 출산 슬픔 사회 죄책감 떠나다 토지 개혁 독립군 활동 부상 죽음 혼란 받아들이다 노력 원인 억압 고통 전쟁 오해 모으다 매장 겪다 사이 충돌 형제 복잡 관련 비밀 편견 냉대 혼인 신고 결심 재산 고향
유리동물원-테네시윌리엄스,11,0.955,58.2,77.29,갈등 가족 어머니 과거 사회 위치 절망 신체 결함 경험 집착 현실 낡다 아파트 뒷방 젊다 신사 방문 반발 긴장감 당시 경제 붕괴 장치 음악 조명 다니다 실업학교 거짓말 방황 참석 당황 감기 무너지다 겨울 학교 분노 걱정 회의 이상 미래 계획 여성 애국 언쟁 격화 가정 어려움 결혼 자립 위하다 부인 표출 허구 범죄자 영화 관람 건강 가구 파손 감정 직장 드러내다 심리 기력 태도 행동 로라 동생 남성 탈출구 대하다 갈망 열다 어렵다 책임감 청년 반항 담배 습관 성격 배경 절약 외모 관리 문제 직업 회상 다가오다 변화 약점 저녁 식사 초대
고등어,8,0.938,58.5,77.26,상대 갈등 감정 과거 복잡 결심 불륜 결국 관계 재회 사람 옳다 인정 이야기 끝나다 충돌 격화 책임 살다 미래 이혼 연인 받아들이다 후회 아픔 이해 서울 올라오다 건강 악화 가족 문제 주변 선택 남성 고통 사랑 여자 드러나다 여성 개선 만나다 남녀 걱정 전화 노동자 착취 산업체 부설 학교 현실 혁명가 최소한 사회 개인 관심 고립 절망 젊다 세대 이상 주의 이상주의 유토피아 사회주의 가능 직면 친구 고집 폭력 신뢰 공동체 정신 주인공 혼자 의미 깊다 배신감 상처 사이 중재 긴장 고조 대응 나타나다 현재 미워하다
아름다운사인,3,0.9,59.25,77.25,조사 사망 원인 죽음 의미 방식 사망자 가족 검시관 현장 엽총 자살 투신 교통사고 다양 사회 개인 반응 고층 건물 당시 정황 농약 복용 압박 청소년 젊다 여성 주요 시사 학업 스트레스 학교 이해 공감 탐색 고등학생 남기다 유서 수면제 고통 심리 공유 죽다 대하다 두려움 드러내다 소박 행복 갈등 남자 고뇌 시달리다
딸에게_보내는편지,3,0.867,59.91,77.24,고백 여성 계획 임신 살다 미래 자유 꿈꾸다 죄책감 고통 기쁨 복잡 불안 사회 시선 어렵다 편지 크다 변화 모유 수유 극복 가르치다 과거 후회 감정 선택 대하다 반성 학업 중단 아버지 특별 추억 야망 품다 인정 음악 타다 돌리 경험 내면 갈등 사랑 외로움 드러내다 두려움 성공 가수 유전자 영향
살아있는_이중생각하_오영진_작_jane5832,7,0.943,58.39,77.24,세대 갈등 기력 상실 겪다 전쟁 가족 구성원 행방불명 해방 과정 불안 슬픔 일상 떠넘기다 재산 사업 운영 심각 어렵다 소통 부재 정원 가꾸다 다툼 드러나다 어른 의견 충돌 심부름 문제 발생 집안 구체 회사 직원 젊다 여성 외부 사기 음모 정황 은행 융자 순조 중요 접대 산업 독점 계획 열악 환경 수감 긴장감 고조 아버지 횡령 장기간 유치장 분쟁 신뢰 기대 석방 몰락 위기 심화 세금 긴장 분노 대립 심하다 관련 과거 부정 행위 관리 책임 시장 가격 산정 유산 명예 주인공 결심 사망 자살 장례 마지막 유언 시달리다 도덕 안정 사회 지위 변화
비닐하우스,4,0.925,58.73,77.23,일부 재소자 헌혈 재난 대비 혈액 과정 건강 문제 확보 사랑 실천 교육 프로그램 공동체 생활 습관 충돌 불편 불안감 표출 신입 국가 발생 인식 의지 규칙 준수 희생 떠나다 중독 참여자 절차 전환 이송 책임 환자 본부 호흡 곤란 위급 환경 집단 의료 노출 오해 갈등 지연 현장 검증 증언 공식 부각 진실 왜곡 마지막 동안 수용 시설 부족 보도진 관심 고통 체험 공감 생명 단계 현실 의식 잃다 긴장 웃음 교차 위험 한계 인간 연대감 복잡 준비 기술자 흘리다
윤동주와_헤어져_최현죽_작_jane5832,13,0.954,58.07,77.15,무대 감옥 상징 공간 경찰서 높다 이동 배경 설정 창살 이야기 전개 중심 활용 갈등 긴장감 효과 개인 비극 묘비명 친구 고문 윤동주 장례식 배우 작품 낭송 문학 유산 고통 나서다 전쟁 강점기 일본 장면 형식 동생 사람 형제 유쾌 가족 관련 동시 되다 의미 순수 대하 대화 남매 문화 지키다 강조 교체 내일 학교 대신 다니다 중국 군관 성격 광명 중학교 진학 권유 불구 정부 지원 부상 동맹 퇴학 당하다 거부 운동 삭제 외부 압력 시인 어리다 시절 일제 탄압 언어 민족 민족정신 사이 친일파 문제 변절 소식 분노 발행 검열 고뇌
은고리,17,0.959,57.94,77.12,관계 형성 갈등 외부 긴장 감정 권력 복잡 씨앗 싹트다 고조 가족 변화 일어나다 입장 숨다 오후 긴장감 외로움 죽음 여성 두려움 깊다 안부 걱정 떠나다 이후 부정 영향 발견 이탈리아 유학 심장병 방문 형제 따뜻 재회 가운데 오랜만 유럽 팔찌 분위기 바뀌다 약혼녀 감격 맞이 장면 전화 이러다 만남 마을 사람 기대 유대 애정 어머니 건강 생활 알리 결혼 일상 대화 자녀 독립 전통 역할 성장 지지 돌봄 문제 인생 개척 촉구 생물학자 연구 지역 발전 기여 뉴욕 성공 고향 가정 병행 마시다
파수꾼(대본0,3,0.9,59.12,77.12,떼다 교활 위험 불안 마을 반복 습격 후퇴 두려움 긴장 임무 즉시 경고 감시 능력 용기 통제 소년 파수 침착 주민 공포 격려 점검 떨다 사다 운반 이리 껍질 식량 어려움 겪다 협력 배우 자신감 세대 책임 확인 촌장 공동체 갈등 발생 단결 동료 위협 대비 안정 사이 역할 경계 떠나다 기력
슬픔의_노래-정찬,5,0.92,58.65,77.05,슬픔 노래 폴란드 현대 음악 역사 고통 취재 위하다 구레츠키 인터뷰 성사 잡지 기자 한국 긴장 갈등 살다 준비 과정 사회 요인 부각 장소 변경 문화 차이 고난 드러나다 영화 과거 동구 정치 대화 잇다 경제 일정 조율 일상 불안감 블루 예술가 나치 유태인 학살 탐구 아우슈비츠 방문 영혼 쌍둥이 운명 두려움 폭력 과학 헐리우드 찾다 희생자 비극 주제 재현 예술 민주 운동 참혹 연극 표현 여성 계엄군 자유 규격 깊다 사이 충돌 통하다 죄의식 내면 잔혹 체감 이유 사랑 극한 상황 발견 강렬 동기 경험 무대 연기 불안
방황하는_별들,4,0.9,58.9,76.9,고통 겪다 청소년 어른 잔소리 사회 떠나다 가정 억압 침입 경찰 연행 편견 교육 노인 포기 생존 사건 처지 이해 연대 보호 위하다 어려움 직면 텔레비전 문제 경찰서 보호실 현실 회피 경향 불안 가족 독특 중계 영상 영향력 벗어나다 프로 야구 질서 중요 하룻밤 부모 갈등 활용 당부 입장 소통 몰입 기력 일깨우다 시간 교화 과정 자녀 학생 미래 교사 중재 나서다 비행 냉대 암시 인생 훈련 용서 관계 회복 주인공 미성년 구금
고자현_매일_메일(E_MAIL)_기다리는_남자,3,0.9,58.88,76.88,원룸 불안 긴장감 고조 상대방 실망 혼란 인물 초조 휩싸이다 전화 담배 갈등 심화 열다 반복 초인종 결혼 생활 아내 사회 열등감 복합 감정 표현 외로움 동성애자 현실 어렵다 사랑 멀다 경제 어려움 부모 세대 영화 포기 책임감 희생 죽음 가족 분노 좌절 상처 극한 위기 대하 구성원 오해 증오 상황 심리 장애 의욕 신체 충돌 떠나다 아버지
존_필마이어_신의_아그네스,5,0.94,58.07,76.87,여성 수녀원 임신 기억 상실 숨다 생활 아기 휴지통 탯줄 감다 정신과 의사 혐의 기소 법정 사건 해결 어려움 회피 동생 마리아 믿음 정신 불안 신앙 고백 고통 단절 순수 신앙심 사망 보호 어머니 병원 수용 혼란 심화 사고 극단 단식 엄격 가정 환경 감옥 수감 어리다 시절 의심 갈등 대하다 분노 드러내다 교회 두려움 죽다 용서 거부 약혼자 문제 출산 상담자 피해자 학대 당하다 가족 심리 신체 과거 재현 감정 표출 부정 메시지 복잡 관계 고립 상황 극심 죄책감 과정 번지다 도움 절망 강간 의혹 과학 대립 출생 죽음
정복근_검은_새,6,0.933,58.2,76.86,혐의 주요 인물 대역 죄인 규정 실종 의심 군사 가족 처벌 습격 고립 반란 모의 가능 둘러싸다 논쟁 일어나다 제거 반역 이동 자다 사이 갈등 수양대군 장군 측근 희생 깊다 상처 압박 우정 배신 체포 정변 실패 비판 무신 공격 도덕 역사 영토 회복 대하다 열망 상징 노래 고대 신화 표현 나라 부흥 가운데 여성 평화 기원 결단 독립 긴장감 감돌다 형제 강력 의견 충돌 자손 번성 운명 받아들이다 결심 신비 무기 아버지 인덕 전략 존중 반면 조속 북진 적극 대응 토지 자원 권력 다툼 확실 모색 정치 긴장 고조 황제 추대 위협 동시 증가 평안도 도망가다 군졸 집단 선인 커지다 여진족 통합 배신자 인하 경계 강화
춘향전,22,0.968,57.48,76.85,즐거움 만끽 기운 답답 느끼다 풍경 발견 당황 의문 술기운 무르익다 분위기 젊다 도련님 공부 단오날 갈등 실마리 부채 담다 평화 태도 처녀 주목 거절 당하다 마을 양반 가문 후손 변하다 긴장감 명령 움직이다 다투다 인물 사이 긴장 시작 방자 관계 권유 춘향 신분 도덕 신념 굽히다 상황 악화 신발 청룡 어머니 사또 자제 반응 불구 인연 해석 답장 작성 집중 사람 긍정 받아들이다 편지 도착 짖다 도둑 밝히다 혼란 기대 교차 해소 방문 오해 쓰다
난쏘공-_조세희,19,0.968,57.45,76.82,무대 추상 조형물 배우 떠나다 자유 등장인물 행진 움직임 보이다 과정 다양 연습 공연 동시 독특 난장이 반복 가족 중심 등장 대장 부재 내부 갈등 배신 의심 드러나다 과거 분노 혼란 감옥 신성 존재 걱정 생존 특별 오두막집 꽃밭 꾸미다 앞마당 뒷뜰 파란색 계획 굴뚝 갈잎 지지 사용 공간 행복 일상 꿈꾸다 구름 감정 격하다 절망감 철거 위기 애정 희망 휩싸다 개발 지구 이웃 미래 대하 확실 충돌 포함 주민 불신 가뭄 생활고 고통 강물 가꾸다 설득 현실 어렵다 세계관 가지 싹트다 긴장 학교 다니다 공부 변화
날_보러와요,4,0.85,59.8,76.81,여성 살인 사건 치안 본부 경력 수사 기록 검토 잔혹 범행 수법 증거 확보 자백 부임 반장 심각 절감 본격 인원 부족 해결 강하 의지 부상 의견 충돌 목격자 피해자 슬픔 후회 바닷가 복잡 감정 사람 죽이다 고백 과거 이상 행동 문제 현실 한계 밤새 과학 인권 범인 기자 접촉 보도 경찰 전국 체포 압박 심화 내부 정보 은밀 어렵다 비밀 유지 나오다 혼선 남성 중심 탐문 갈등 형사 고문 의혹 용의자 허위 심리 피로 좌절 전략 외부 부재 외로움 혼란 사표 제출 거부
꽃바람-차범석,7,0.929,58.23,76.8,사망 주인공 농촌 출신 여성 도망가다 남편 심장 잠적 재산 가난 극복 아들 배신 중매 서울 장애 가족 갈등 중학교 설립 살다 고통 교육 과거 후회 인터뷰 시집가다 실수 반복 결심 기부 신념 바꾸다 청상과부 시절 회상 봄철 혼인 실패 순진 집안 이전 주변 혼담 신랑 적합 판단 시골 규수 신랑감 나이 수락 경성 방문 신부 아버지 전통 불안 기운 지시 신뢰 열쇠 밤새 지키다 도착 긴장감 청년 가게 혼란 혼례 마무리 불화 격화 심리 이해 태도 통제 새어머니 관련 권력 반발 감정 대립 뿌리 사이 숨기다 비밀 떠나다
어린왕자,4,0.875,59.28,76.78,존재 출신 왕자 외롭다 사랑 대하다 갈망 장미꽃 이야기 호기심 나누다 어리다 사막 비행기 금전 가치 표현 어른 인식 차이 드러내다 무심 태도 먹다 그리움 만나다 걱정 황제 권위 이치 드러 여행 확인 명령 떠나다 결심 의지 인물 외부 도착 변화 성장 성찰 황혼 할아버지 조언 전권 대사 임명 사라지다 위기 죽음 지구 맞다 두려움 죽다 본질 부끄러움 집착
귀향_헤롤드_핀터,4,0.925,58.27,76.77,운전수 동료 이야기 담배 대하다 대립 과거 폭력 질투 긴장감 고조 등장 런던 문제 복잡 공항 세대 역할 책임 감정 불신 가족 갈등 경고 위협 사건 유산 드러나다 고난 연결 장소 불면증 폭발 일어나다 아버지 시계 소음 공유 미묘 형성 교류 내면 주인공 일행 통하다 떠나다 결정 모델 경험 미국 문화 차이 마지막 순간 음악 촉발 태도 실망 여성 반발 신뢰 표출 결혼 숨다 논쟁 심화 생활 방식 치즈 도둑
할_수_없이_의사가_되어,4,0.9,58.72,76.72,비난 관계 파탄 가정 사이 심각 갈등 부부 격화 폭력 개입 대하 문제 외부인 이웃 남편 거부 치료 위하다 배우자 복수 방법 고민 의사 평범 외모 결혼 취하 능력 독특 성격 심화 사랑 사람 목소리 전문 감탄 치료법 제안 가족 환자 진단 기능 장애 신경 혈관 유모 점검 사용 한계 지식 개선 의지 의학 진실 용서 처벌 계획 희생 포기 뜻밖
필란델로_작가를_찾는_6인의_등장인물,13,0.954,57.63,76.71,무대 주임 갈등 비다 연습 시간 도구 연극 준비 과정 혼란 중단 재개 반복 설치 발생 작업 지시 배우 지각 태도 감독 도착 집중 요구 강아지 활기차다 분위기 조성 긴장감 조명 세밀 동작 형태 존재 시각 외부 본능 이성 대비 예술 본질 대하다 특수 마스크 현실 다르다 창조 등장 인물 등장인물 고난 감정 자녀 사이 깊다 정열 죽음 생명 고통 가족 차별 멸시 심화 남편 가운데 아내 도망치다 나다 여자 문제 오해 분노 태어나다 정부 욕망 위선 성찰 과거
하드락카페,4,0.9,58.68,76.68,조롱 무산 밴드 클럽 공연 시도 관객 냉담 장난감 기타 총격 사건 체포 강제 무대 미군 병사 갈등 헌병 출동 어머니 주인공 복잡 움직임 나타나다 경쟁심 팽배 긴장 감시 통제 상황 직면 사장 관련 냉혹 노래 희망 표현 대기실 상대방 상처 드러내다 사랑 확인 깡패 회복 이후 뮤지션 신디 사이 연주 위축 자존감 흔들리다 좌절 명령 공유 감정 폭발 소외감 느끼다 인물 주변 관계 고백 반발 과격 떠나다 빚다
피그말리온-조지_버나드_쇼,22,0.973,57.21,76.66,소녀 음성학 교수 갈등 발생 인물 관계 변화 환경 적응 관찰 실험 의견 차이 긴장 정체 사회 성장 모습 위치 사이 균형 택시 예약 도착 거리 돌아다니다 상태 교회 주변 사람 폭우 알리 가족 혼란 불편 극장 부딪히다 달리다 요구 책임 경찰 밀다 트라팔가 광장 여성 해명 주변인 의심 군인 복장 억울 토로 태도 강하 비판 목격 분노 괴롭히다 장면 신사 개입 과정 처녀 능력 설명 표면 노력 출신 영어 빈민가 개선 위하다 언어 부족 목표 세우다 상류 진입 직업 타다 어려움
사운드오브뮤직,14,0.964,57.37,76.65,갈등 교차 마리아 심리 환경 관계 초반 긴장 변화 맞물리다 긴장감 트라프 가문 사이 외부 인물 수녀원 가족 오스트리아 실종 수녀 찾다 목소리 있다 의심 고조 기도 되다 커지다 장면 마무리 동료 이름 확인 신앙심 인정 규율 노래 규칙 위반 가정 교사 파견 운명 원장 청원 이해 결국 떠나다 맞다 자유분방 퇴사 기다리다 동안 과거 집안 상황 응답 대화 전화 방문 차이 차례 호루라기 신호 아이 교육 관리 가운데 군대식 훈련 방식 가정교사 기본 합창 행진 엄격 낯설다 군사 나이 단어 연결 소개
춘풍의처,6,0.933,57.96,76.63,형제 갈등 용궁 피다 봄날 나라 금지 짙다 드러나다 사건 거북 싸움 체포 체념 거래 재판 통하다 도달 목표 제시 부자 밀수 다툼 결론 제안 나오다 이상 이동 상황 하다 가정 불화 고통 가족 붕괴 비극 맞물리다 경제 어려움 절망 죽음 위기 심화 폭력 사태 신체 결함 책임 문제 성공 슬픔 빠지다 죽다 직면 주인공 잃다 몰락 절박 되살리다 의식 재산 마지막 희망 전락 재회 사고 동시 아내 심각 불안 대하다 의문 장례 절차 영혼 믿음 아래 비용 자식 낳다 비명 지르다
들개-이외수,5,0.88,59.02,76.62,사람 공통 언어 만나다 여성 대화 시도 일상 외로움 혼자 술집 머물다 남자 우박 관계 의지 변화 대하다 고백 소나기 버스 대학 자퇴 절망감 깊다 가운데 고립 겪다 장기간 건물 생활 주인공 기존 갈등 직면 과거 사랑 아름답다 기억 직장 가정 실패 날씨 심리 창백 얼굴 부족 고통 절망 고군분투 인물 문학 상징 예술 의미 탐구 도시 어렵다 재료 추위 경제 평범 선택 굶다 건강 돌보다 그림 완성 정신 교감 죽다 위기 작업 결심 과정 외부 단절 치열 불길 예감 발견 슬픔 방식 꿈꾸다 견디다 미래 성공 시작 모색 가뭄
친구들-아베고보,6,0.933,57.96,76.62,여성 방문 가족 긴장 갈등 조심 아파트 구성원 끊다 전하 사명 비유 운명 목걸이 잃어버리다 구슬 접근 밤늦다 방문객 불법 침입 침입자 폭력 의도 낯설다 강제 외로움 타인 고압 태도 정당 조롱 대화 인간 가치 의무 알리 경찰 의심 무력 경찰관 남성 확실 감돌다 신뢰 문제 소매치기 권위 통제 공동생활 회복 약혼자 참석 생활 철학 시도 실패 특별 비밀 제기 품위 남자 도망치다 변호사 서류 경영자 잘못 씨앗 대우 분노 저항 비판 주변 심화 감정 분위기 감금 불가피 주장 사람 도망 토론 마무리 드러내다 행동 강하다
블루_사이공,7,0.929,58.01,76.58,직원 살해 인질극 탄압 시달리다 노동자 갈등 겪다 외국인 인력 생존 사이 폭행 인권 분노 절망 전쟁 월남전 참전 경험 가족 고통 파병 비극 응급실 의식 불명 부상 미국 군사 상실 아버지 회복 알리 희망 언론 자랑 상태 과거 상처 낙인 혼란 차별 심하다 정체 일으키다 심리 당시 아이 주장 주변 편견 친구 따돌림 여성 심화 강하 저항 거리 노래 들다 위협 뒤따르다 긴장감 폭력 남성 이상 붉다 켜다 넘치다 장면 회상 죄책감 병사 충돌 인민군 공포 제압 도망 총기 손질 자유 복장 희생
징소리-문순태,5,0.86,59.37,76.57,호숫가 낚시 평화 미치 사람 마을 건설 상실 도시 실패 사라지다 정신 방해 갈등 농촌 가족 식당 분노 깊다 여성 과거 남편 복잡 감정 폭력 가족사 떠올리다 설명 분위기 바꾸다 목소리 느끼다 추다 소리 경계 흐리다 증권 회사 주인공 고통 죽음 여순 반란 병환 약탈 고향 떠나다 불타다 존재 빚다 좋다 결심 서울 힘들다 돌아가다 두렵다 겪다 전쟁 가난 살다 상처 배신 눈물 용기 생활 부상 병원 장성호 바라보다 밤중 관리 비극 번개 몰아치다 가운데 절정 뛰다 관리인 극시 극심 냉대 자유 갈망
새로운도시와시민들의합창,3,0.833,59.88,76.55,주민 쓰레기 배출 문제 강제 규정 사회 사이 긴장 배제 위반 사례 낙인 경제 어려움 고조 무게 말살 세대 갈등 무시 현실 억압 회복 추구 활용 떠나다 변화 저항 체념 보신주의 시인 백수 충격 공포 가족 인질극 상황 악화 조직 맞서다 가치 자존심 희생 거부 회장 불신 압력 내부 개인 통제 노인 편입
연극-사뮤엘_베게트,1,0.6,64.53,76.53,상처 감정 슬픔 매개 여자 고통 인정 참회 사이 혼란 신뢰 회복 실패 속죄 공유 거리감 사람 과거
where,14,0.971,57.1,76.53,전투 전략 실행 체계 장수 군사 협력 부대 통솔 변화 승리 장교 긴장 갈등 극복 관리 명령 신속 흐름 잃다 사냥 고난 생존 밤중 호랑이 나무 자르다 하다 짐승 생계 들다 낯설다 죽음 경험 이용 고백 구원 만나다 천상 시체 발견 절망 머물다 노송 동굴 생활 음악 기다리다 절간 권력 다툼 음모 대결 희생양 되다 분노 공주 희생 평화 궁궐 동행 스님 가족 책임 역할 기억 온달 혼란 일어나다 익숙 느끼다 과거 겹치다 신비 인식 형성 진면목 시집가다 두려움 아버지 바보 편견 실제 모습
허탕,2,0.8,60.52,76.52,수감자 고통 혼란 적응 노력 죄수 감옥 제한 공간 갈등 겪다 보호 교류 이웃 폭력 통제 자유 자연 경관 불신 죽음 임신 낙태 출산 앞두다 긴장 위험 인식 심리 압박 심화 미래 닥치다 불안 견디다 위로 희망 여성 과거 가족
유랑극단_이근삼1,7,0.929,57.95,76.52,나누다 사회 역할 사람 대립 갈등 성별 경험 연극 마을 토론 과정 표현 폭력 발생 긴장감 비다 무대 탐구 정치인 의사 문제 가구 이별 슬픔 절망 비극 벌어지다 재정난 극단 경제 어려움 심화 희생 가족 깊다 떠나다 기차 빼앗다 권유 매국노 비난 경찰서 장면 고난 단원 체포 위기 처단 단체 찬반 심각 위협 헌병 감시 탄압 독립 운동가 해체 일어나다 일본 피해자 고문 폭행 잇다 혼란 민주주의 결정 인간 겪다 대하다 의심 조직 변화 요구 부재 민족 선출 책임 지도자 도망 시도 배신감 논의 임시 분담 고민 현실 한계 내부 신뢰 단결 단장
새들은_횡단보도로_건너지_않는다,9,0.933,57.81,76.47,역할 혼란 공연 개인 위기 둘러싸다 복잡 갈등 겪다 압박 회의감 인물 사회 포기 인간관계 낯설다 여성 만나다 교통사고 주인공 문제 빠지다 연극 대두 기존 연출자 추천 나다 전환 공간 과거 기억 고압 폭력 긴장 고조 후배 논문 연기 혁명 투쟁 확신 의심 격렬 싸움 현실 긴박 상황 논쟁 심화 외부 변화 현재 부담 느끼다 무대 설정 합리 작업 동성애자 고백 반대 태도 군기 연습 희망 의견 주요 배우 엄격 테스트 지각 부상 수용 민주 분노 상처 가족 심리 자살 사건 구성원 청년 친구 감추다 사이 고통 드러나다 급박
에쿠우스,15,0.953,57.37,76.44,변형 심리학 사건 심리 갈등 정신과 의사 조언 충격 범죄 형성 등장인물 증인 자연주의 접근 친구 사망 진상 런던 정신 안정 정보 부족 공간 겪다 소년 특성 표현 반응 일관 긴장감 신체 동작 나누다 인간 욕망 배우 클럽 깊다 애정 규칙 긴장 드러나다 가족 반복 악몽 종교 강박 신경 가정 방문 분노 인하다 심화 행동 강하다 거부감 텔레비전 마약 부모 교육 방향 가르침 어려움 특이 성경 이야기 환경 사랑 학교 사회 소통 독특 성향 기대 절규 대화 격앙 놀라움 폭발 상대방 사기 과거 회상 접촉 청년 해변 모래 경계
아름다운사인-장진,3,0.867,59.09,76.42,자살 사건 갈등 겪다 죽다 사망 원인 국적 경위 감정 평가 비판 조사 과정 가족 차량 추락 다양 농약 복용 총기 건물 투신 청소년 검시 학교 폭력 예고 여성 사망자 경제 입시 스트레스 고통 복합 사회 비밀 후속 어려움 절망 나누다 죽음 시체 타살 가운데 두려움 대하 격렬 논쟁 발견 경험 정리 배경 음악
병자_삼인-조중환,4,0.875,58.9,76.4,교사 시험 부부 남편 국어 공부 사이 쌀집 주인 갈등 빚다 아내 경제 어려움 심리 자존심 권위 서울 고등 병세 소통 부재 병원 신뢰 잃다 머리 진단 대하다 인정 침묵 의원 잘못 문간 심부름 심 언쟁 응접실 환자 긴장감 학교 회계 담당자 자금 개인 곤란 겪다 여인 협박 설득 부족 요구 의심 불륜 의혹 책임 소재 편지 직원 처벌 권유 거부 불거지다 도망치다 상황 악화 해고 이어지다 여성 남성 비난 권력 상승 심화 이혼
사천의선인-베르톨트_브레이트,23,0.974,56.91,76.39,심화 취업 실패 갈등 실업자 노동자 역할 가게 주인 교체 변화 문제 사회 불안 생계 가족 주변 위치 모색 가난 마을 주민 절망 도착 두려워하다 세상 바꾸다 마지막 경제 어려움 창녀 점검 긴장 시도 빈곤 생존 여성 도움 담배 현실 신비 존재 겪다 상황 이해 관계 숙박료 대신 지불 실직자 안정 한편 장사 운영 위기 사업 유지 시골 과거 부정 영향 끼치다 조언 지원 제공 주인공 친절 권리금 보증인 요구 협박 이어지다 동생 목수 신뢰 임신 건물 계약서
락햄릿,17,0.976,56.85,76.38,관계 형성 왕실 권력 다툼 본격 주요 갈등 인간 복잡 국가 구조 현대 해안가 왕조 고조 정치 음모 운명 뒤얽히다 상황 배경 다양 주인공 깊다 슬픔 분노 의혹 벗어나다 왕자 잃다 정체 혼란 명예 의무 우울 침체 청춘 기쁨 고통 사로잡히다 내면 기념 비밀 파티 긴장감 분위기 낭만 즐거움 누리다 이벤트 남자 순결 방탕 수영복 즐겁다 귀국 여자 독점 기회 오렌지 햄릿 슬프다 아버지 가운데 친구 상실 대하 불안 가족 결혼 거부 잊다 경고 죽다 보호 결심 책임 태도 오빠 과잉 느끼다 신뢰 레어티즈와 걱정 레어티즈 지키다 의지 수도원 오필리어 방문 들다 창문
전훈_유리가면,8,0.95,57.36,76.36,유명 배우 주인공 연기 무대 초청 극장 개관 기념 전설 연극 재능 미모 예술 선생 맞이 장면 사고 얼굴 위험 긴장 교사 헬렌 가르치다 젊다 연기력 대하다 신뢰 가르침 시작 의지 경험 시각 언어 장애 부족 나이 올리다 문제 갈등 검증 신인 능력 확인 추가 심화 교육 뛰어나다 제작진 스타 모녀 경쟁 흥행 불안 요소 독립 행동 가난 일부 연구 일어나다 수강료 상상력 질투 요청 청강 극단 입단 냉대 포기 엄마 다양 감정 연습 표현 나가다 선언 성장 조언 집안
꽃신_곽병창,10,0.94,57.54,76.34,사이 의견 충돌 공연 진행 어려움 심화 북측 예술단 무대 방식 인하 갈등 다르다 문화 과정 배우 남측 이해 모색 단체 기념 촬영 남북 판문점 인사 나누다 재회 성공 형성 통일 배경 소속 나이 기원 협력 긴장감 불안 감돌다 시작 혼란 독립군 일제 공격 차이 연습 전투 장면 총격 안전 부대 신체 부담 군가 합창 불타 동생 복수 남매 연기력 점검 일부 다음 풀다 여성 분노 봉기 마을 주민 밀정 신발 저녁 식사 연극 신념 열정 부족 발생 배우다 공감 중요 부담감 겪다 역사
처녀비행,4,0.875,58.81,76.31,사회 배우 정체 사이 인식 차이 편견 비판 배변 인간 존재 근본 위생 더러움 갈등 사례 일상 앉다 신문 읽다 긍정 사랑 포기 고려 작가 복잡 빚다 연출자 심리 어려움 겪다 잃다 분노 자금 부족 문제 현실 반복 실패 양측 극장 설립 피해자 동료 도망 가난 맞서다 운영 결심 참여 비극 결말 인물 개입 싸움 심화 폭력 관객 즉석 중심 긴장감 나다 연극 품위 존속 결정 무대 동물 변하다 주인 잔혹 행위 위협 한계 자유
다몬루넌-아가씨와건달들,8,0.938,57.5,76.25,관광객 추적 긴장감 냉담 드러나다 도박판 선교 악단 거리 브로드웨이 소매치기 훔치다 경찰 도박 방황 관심 개인 갈등 장소 확보 어렵다 어려움 겪다 자금 사업 긍정 전개 여자 내기 미묘 긴장 만나다 사람 신뢰 의심 우정 태도 비교 경쟁 교차 결혼 출산 식당 이동 과정 색깔 죄인 모으다 기도회 식사 요구 선교사 비난 남성 죄책감 고백 도움 요청 회의 저녁 중독 참석 제안 대가 대화 관련 고수 내다 문제 금전 맞물리다 결국 허락 없다 입장 전화 사용 주차장 건달 비밀 고조 불법 흔들리다 불안 절차 상대방 가족 논의 단속 사무소 폐쇄 파티
사이먼_뷰포이_강철군단,17,0.965,56.95,76.24,고철 훔치다 활용품 노동자 자살 철강 활용 표현 월급 대신 보상 미래 모색 위험 역할 분담 불안 사고 손실 도둑 심화 절망 갈등 실직 경제 어려움 문제 긴장 소통 부재 부부 사이 거리 만나다 여성 없다 남성 댄서 육아 남편 의욕 상실 관계 냉랭 가족 단절 기쁘다 출산 가능 대하다 불안감 자존심 신뢰 흔들리다 의견 차이 이혼 양육 양육비 외도 의심 바뀌다 상실감 무너지다 과거 시작 현실 나이 경력 일자리 제안 근본 압박 고조 생명 위기 학교 회의감 인하 정부 황소개구리 퇴치
수전노,15,0.967,56.91,76.24,억압 가족 갈등 자식 사랑 결혼 인정 계획 아버지 이해 심화 가난 연인 자금 마련 다양 허락 사람 부모 반대 사회 확인 약혼 가능 현실 깊다 주인공 권위 제약 강하다 불안 인색 재산 훔치다 의심 하인 수색 도둑 나다 관계 주인 탐욕 무례 비난 시도 억울 단절 증거 찾다 해고 부유 의견 충돌 남성 압박 지참금 부족 결심 우려 관리 사용 막대 현금 도박 상대방 집안 농간 불행 중개인 사이 배신 숨다 여인 비밀 신뢰 문제 위험 위기 직면
비언소,8,0.925,57.72,76.22,태도 관객 감시 연극 문제점 갈등 공공장소 남자 자조 부끄러움 타락 예술 현실 도덕 대하 토론 공중 화장실 긴장감 조성 녹음 촬영 소통 해결책 찾다 오락 요소 필수 상업 욕구 평론가 실력자 섹스 문제 논쟁 격화 한국 제도 규제 검열 사이 노출 외부 변화 개선 반대 포르노 추방 품격 일부 선택 필요 아줌마 질서 불법 요구 시위 잠복 관찰 가운데 청소 알리 개인 겪다 사회 스트레스 무능 실패 공공 장소 반복 불편 중년 외로움 토로 일상 정치 이념 표현 주변 무시 유지 행위 교차 위선 경제 발전 비난 남성 소변 우아 콘서트 문화 묘사 분노 노인 비행기 이용 은밀
느낌극락같은,7,0.943,57.33,76.18,복잡 감정 갈등 교차 인물 심리 죽음 이후 가족 아버지 사이 혼란 고조 변화 화해 용서 존재 과정 주변 도움 경쟁 질투 정신 조명 활용 과거 대하 견해 차이 부처 마음 스승 제자 작품 전시 칭찬 완성 자아내다 불상 가치 제작자 인정 명령 자존심 문제 긴장 본질 대하다 관점 동료 분노 표출 형성 전통 악화 판단력 흐리다 의미 심장 다가오다 위기 떠나다 충돌 발생 모색 이해 부족 음악 공부 시작 할아버지 긴장감 작곡가 결심 작업장 출입 충격 죽다 심화 안정 가르침 통하다 평화 찾다 절망 극락 지옥 목뼈 열다 열쇠
tongil,10,0.95,57.14,76.14,사업 통일 목표 갈등 다양 해결 남북 구분 의미 전략 세우다 과정 계획 변경 비밀 공동체 의식 지뢰 철조망 문제 안전 보장 핵심 노래 고객 맞춤 활동 여성 국경 수비 위태 상황 복잡 자유 이동 인도 공직자 방문 긴장감 위험 총성 화장실 젊은이 매수 의존 희생 헌신 북한 통행료 비싸다 정부 정책 실효 의심 실질 변화 익스프레스 서비스 도입 예약 확대 과거 경험 비추다 희망 남북한 접경 지역 혼인 베트남 독일 사례 가능 회의 긴장 투자 시장 조사 대립 결혼 반대 차이 이유 신부 사이 심각 결혼식 상징 배경 문화 북조선 출처 의도
시청각실,4,0.875,58.56,76.06,라디오 프로그램 청취자 일상 무대 대화 사람 특별 기념일 거부 대신 선물 콘셉트 시작 주인공 갈등 계획 대하 스트레스 자연 전개 감정 나누다 경험 중요 남녀 다가가다 발레 사이 오디션 토요일 관계 변화 특종 기대 공원 심화 소통 단절 우울 하루 남자 컴퓨터 대하다 질투 균열 집착 겪다 불안 복잡 여자 무시 과거 사랑 바이러스 메시지 놀이터 만나다 깊다 확인 고립 무력감 두려움 미래 나무 추억 구원 전화 전기
블랙코미디-피타셔퍼,14,0.95,57.03,76.04,약혼녀 유명 미술 젊다 조각가 연애 경험 두려움 불안 교차 사람 격려 수집가 초대 아버지 관계 회복 과거 신뢰 가구 접촉 긴장감 어둠 우연 무대 몰락 직전 성냥 휴즈 전화 통화 외부 정전 아파트 급변 전기 문제 직원 해결 장소 탐색 대하다 의문 제기 통신 장애 연결 세계 부자 점검 작품 관련 양초 부족 혼란 심화 인하 수리공 우산 이상 위기 갈등 발생 경제 어려움 비상 도구 환경 조성 촛불 조명 훼손 감정 교류 공급 끊다 행동 벌어지다 숨다 벽장 있다 인물 가스 누출 위험 단선 폭발 긴장
붉은방,8,0.95,57.04,76.04,고통 겪다 장면 관객 일상 무대 지상 수갑 묶이다 욕조 감정 긴장 완화 역할 갇히다 극심 고문 현실 환상 경계 소품 꾸미다 데스크 잊다 즐거움 아내 당황 경제 어려움 긴장감 감돌다 인상 압박 전세금 상황 심각성 실감 출근 집주인 강제 가족 주인공 절망 피로 전쟁 당시 가정 문제 시달리다 증오 사로잡히다 악몽 갈등 집안 돌보다 피해자 기력 죄책감 심하다 굴욕 폭력 심문 체포 모색 투쟁 정치 배경 붉다 일색 장기 의심 두려움 드러나다 은폐 고조 가운데 숨다 태도 진실 과거 만남 죽음 가능 암시 인물 관계 처참 시기 장소 확인
그것은_목탁구멍속의_작은_어둠이었습니다,7,0.9,58.03,76.03,스님 자살 사건 목숨 끊다 죽다 참회 고백 과거 허물 살다 찌르다 의미 고뇌 관점 교환 어둠 죽음 얽히다 악몽 불상 고통 제작자 토굴 참선 묵언 상징 교무 공부 욕망 성찰 탄생 혼란 시달림 의식 본질 갈등 심화 사람 불교 토론 대하다 존경 비판 세계 경계 감각 경험 일상 비유 감정 전통 역할 드러나다 일체 유심 마음 작용 인식 신앙 공동체 공간 논의 유지 필수 깊다 사이 책임지다 어려움 불편 농담 불안 긴장감 증폭 상황 악화 소통 시간 월명
까몰레티_누가누구,21,0.971,56.52,75.95,남편 아내 사이 의심 나다 방문객 친구 주말 요리 회사 예정 친정 방문 어머니 병환 계획 변경 불안 책임 조율 갈등 방문자 도착 대화 나누다 인사 관계 확인 사람 쇼핑 과거 이유 역할 대하다 신뢰 외출 요리사 자격 독감 걸리다 예상 모델 여성 만남 장모 가다 트다 상황 변화 알리바이 위기 직면 체류 연장 수잔 같다 복잡 심리 저항 기차 결정 전화 시각 대안 회의 숨기다 애인 감정 고조 로베르 파리 돌아가다 기대다 동시 벗어나다 초대 가족 긴장 자유 행동 권유
에쿠우스,15,0.953,56.82,75.89,아동 정신과 충격 범죄 심리 세계 강조 과거 정신 안정 가능 작가 사건 친구 사망 확인 지방 법정 의사 조언 자연주의 증인 합창단 역할 소년 치료 갈등 소통 거부 특별 능력 고통 상징 관계 형성 일으키다 사회 본질 신체 동작 문제 종교 강박 가족 반복 악몽 배경 분노 건강 의견 충돌 텔레비전 시청 자라다 혼란 절망 무력감 절규 부모 교육 성경 깊다 애정 드러내다 대화 질문 답변 기억 회귀 긴장감 미스터리 경험 떠오르다 시절 바닷가 인물 상대방 사기 터뜨리다
달아달아_밝은달아,7,0.9,57.82,75.82,운명 처하다 천지신명 거절 저승사자 인물 수양 마지막 인사 나누다 제안 가족 언덕 심란 마음 하루 시간 슬픔 가운데 여인 멀다 나라 마을 특별 존재 선녀 묘사 장면 지적 상황 이해 떠나다 보내다 풍경 조심 태도 주변 따뜻 주인공 사람 절망 안타깝다 갈등 상처 하다 미래 대국 청루 과거 시작 소개 높다 부부 은혜 무대 바닷속 혼란 용궁 긴장감 고조 심청 밝다 평화 희생 강조 반복 매파 고난 겪다 백년가약 맺다 갚다 고향 위로 마련 꿈꾸다 돌아가다 결심
안티고네,10,0.95,56.76,75.76,의무감 이끌리다 목숨 잃다 권력 도덕 가족 반역자 규정 동생 시신 매장 허락 형제 가치 충돌 여성 내면 장례식 처벌 두려움 책임감 사이 갈등 자매 용서 부부 용기 이해 주인공 사랑 사람 명령 여동생 오빠 죽다 애정 죽음 확인 결혼 없다 고백 아내 배신자 대하다 불안 절망 시체 지키다 뿌리 주변 비밀 경비병 가운데 여자 관련 보고서 파내다 긴장감 제출 요구 동료 과거 금지 의무 침묵 국가 외디푸스 가문 비극 걱정 감추다 극대
도시탈출-김창일,6,0.917,57.42,75.75,영업부장 경찰서 조사 직원 태도 문제 경찰관 오인 해결 회사 악화 숨다 제품 장난감 권총 실제 교육 실시 자전거 내구 부족 농사 방식 미래 결혼 가족 하인 노인 부모 의견 차이 생활 적응 조치 강화 사이 걱정 갈등 외로움 졸업 논문 준비 도시 마음 이해 대하 그리움 아들 회상 서울 소통 부재 사람 불신 긴장감 완화 변화 사과 훔치다 쓸쓸 살다 의심 휩싸다 세대 불안 일상 이웃 대화 건강 안위 심화 깊다 자녀 쌓다 신뢰 여성 운전기사 사랑 히스테리 증세 감정 폭발 긴장 상황 이어지다 요구 관계 인물 놀라움 이동 동안 느끼다 고백 시골
안나클라이버,9,0.922,57.27,75.71,기자 우울 절망 회의 비극 작가 존재 의미 이유 설명 개인 고통 외로움 변화 대하다 긴장감 성탄절 드러내다 사랑 결혼 호텔 접수 계원 빠지다 장례식 사람 파리 여성 피로 상태 바르셀로나 향하다 불쾌 아침 심장 남자 관련 과거 만남 도시 망각 허락 악마 갈등 욕망 고백 여자 극단 타락 공포 인정 자살 시도 평화 나누다 구원 만나다 춤추다 키스 결심 외롭다 시절 순수 행복 찾아내다 조국 독일 돌아가다 재회 두려움 기다리다 감정 확인 쫓다 정치 혼란 결혼식 살인자 사건 코헨 죽음 극도 긴장 시체 발견 경찰 추억 떠올리다 연극 사고 위장 유태인 안나 성격 신고 요구
다몬루넌-아가씨와건달들,8,0.95,56.64,75.64,선교 악단 죄악 브로드웨이 거리 소매치기 떠나다 도박판 장소 부부 추적 경찰 단속 높다 관심 냉소 태도 임대료 어려움 겪다 도박 주변 텍사스 사진사 사람 내기 의견 차이 갈등 제안 상대방 불쾌 여성 연결 게임 일상 대화 결혼 출산 넥타이 색깔 긴장감 고조 친구 만남 기다리다 대하다 죄책감 선교사 의심 활동 기도회 저녁 신념 성격 남자 중독 장면 신뢰 관계 식사 실패 지급 거부 강압 요구 주차장 달러 사용 허락 통화 마무리 가족 문제 사랑 준비 과정 약속 여자 깊다 분노 자금 사무소 폐쇄 클럽 공연
천년의수인,4,0.875,58.12,75.62,도시락 폭탄 재판 자유 민주주의 충격 슬픔 기사 의하다 살해 운동가 희생 위협 테러리스트 버스 회복 배후 세력 의혹 젊다 병사 시계 의미 위험 관계자 갈등 희생양 표출 과거 고문 처형 성경 몰리 유족 얽히다 정치 음모 정체 역사 김일성 대한민국 가족 상처 원한 폭력 용서 요구 긴장 자책 절망 겪다 인질극 고뇌 분노 관계 부정 도망 생활 지치 책임 문제 의료진 치료 기억력 죽다 죄책감 고백 용기 신앙 의지 병원 탈출 긴박 여학생 관련 진실 실패 통제 신체 정신 프로그램
검찰관_고골리,3,0.933,56.86,75.52,가운데 아내 허영심 마을 사람 자유주의 반응 주민 미묘 긴장 통제 갈등 지속 형성 관리 뇌물 권위 유지 관계 변화 감찰관 연관 의심 파견 방문 정치 조직 불안 확립 집중 긴장감 고조 감시 전쟁 강화 요구 지방 비밀 명령 자선 병원 기관 주인공 남용 원망 부정행위 불량 음식 태도 문제 해결 실마리 가게 옮기다 권유 가족 언급 간청
라신느-페드라,2,0.8,59.5,75.5,아테네 이폴릿트 사랑 거부 배신자 죽음 맞다 이폴릿 왕국 혼란 페드 죄책감 독약 자살 결심 유모 공주 정치 음모 복잡 숨기다 보호 왕자 죽다 추방 설득 실패 권력 다툼 권력자 배신 희생 주인공 신분 획득 위기 절망 가족 노예
칠수와만수,8,0.938,56.71,75.46,작업 의욕 예술 공사 대형 직원 시간 빌딩 외벽 크기 간판 날씨 환경 제작 계약 현장 작업자 추위 성공 특별 상여금 포기 어려움 나누다 건강 사람 사이 폭력 긴장감 감돌다 잊다 신뢰 소통 가족 환 경제 현실 손실 영화 여성 집요 접근 친구 과거 농부 비극 사례 야망 드러내다 남성 부녀자 희롱 갈등 젊다 대하다 책임감 감정 살다 어렵다 변화 인물 성장 은행 강도 모색 범죄 언론 주목 사고 목격 긴장 사다 아래 발생 교통사고 경찰 구조 대원 대치 이어지다 감상 철탑 꼭대기 즉시
리어왕,4,0.875,57.94,75.44,신뢰 정직 가난 밝히다 식사 협력 의지 명예 비밀 지키다 모자 명령 저녁 준비 고용 결정 허위 비판 종자 지혜 어리석다 사이 주인공 주변 정체 상황 혼란 가족 권력 구조 갈등 빚다 환상 진실 거짓 고통 아버지 배은망덕 실망 느끼다 굽히다 용서 거부 현실 깊다 건강 강하 분노 문제 집안 화합 걱정 관계 회복 노쇠 권위 상실 효율 노인 극한 몰아치다 가운데 자연 세상 비참 늙은이 배신 참혹 마을 악마 변화 태도 인간 본성
꽃무덤-고성의,6,0.95,56.43,75.43,공동체 세대 이해 관계 갈등 심화 역할 책임 소통 어려움 협력 모색 작용 가운데 마을 남성 여성 어린아이 인식 변화 과정 무덤 서다 재앙 파내다 잃다 과부 주민 사이 충돌 일어나다 장례식 이중 가족 죽음 노인 마지막 유언 장례 계획 벗어나다 동생 걱정 뒤따르다 의지 드러내다 아버지 두려움 사람 섬사람 문제 목숨 파도 휩쓸리다 주변 인물 악화 한편 냉대 낯설다 청년 도망 묘지 원인 불운 사고 일상 머슴 도둑 발각 목격 죽다 젊다 벙어리 무당 도덕 의뢰 지시 바쁘다
장미의성,8,0.938,56.65,75.4,주인 방문 목욕 기자 사진 구성원 반려견 돌보다 엄격 규율 가정교사 식모 소수 출입 제한 장미 예술가 독창 표현 잡지사 예술 사생활 경계 설명 인터뷰 요청 의미 유머 담다 능욕 기존 재료 형태 질문 거부 그림 영감 현대 조각 창작자 남성 전통 인체 사회악 맞서다 작품 복잡 감정 가족 미묘 다양 공간 어머니 불편 부재 고립 주인공 미국 과거 남편 깊다 갈등 소통 단념 마음속 긴장감 고조 행방 어둠 음악 결혼 미술가 모녀 관계 선생 학습 간섭 반발 심리 집안 상애 배신 상처 지도 행동
나생문,10,0.96,56.14,75.34,증인 서다 목격 인물 사이 재판 수도승 허탈 부인 무사 피해자 관련 불신 충격 재판소 벌어지다 끔찍 의심 정황 피해 여성 속세 가족 갈등 여자 접근 숲길 들어가다 사건 고백 남편 대나무 묶다 두려움 아프다 날씨 발생 등장 과정 진상 복잡 패배 자살 긴장 싸움 명예 감정 회복 노파 결혼 모욕 죄책감 절망 처벌 촉구 꺼내다 벗어나다 의지 발언 부적절하다 소통 부재 죽음 위기 사랑 배신 영혼 증언 진실 숨기다 파국 인간 수치심 아내 변심 심 산적 폭력 과거
꽃신,10,0.94,56.52,75.32,공연 방향 협력 상호 남측 북측 예술단 준비 시작 긴장 기대 교차 불구 배우 사이 의견 성공 단계 작업 남북 기회 소속 경험 호텔 만나다 통일 화합 가능 피로 공유 전투 긴장감 지치 조성 대하다 열정 갈등 독립군 일제 공격 표현 혼란 비교 묘사 현실감 불타 슬픔 겪다 주민 분노 복수 희생 다짐 깊다 늑대 호흡 젊음 감탄 남매 어머니 신발 지도 사람 감정 다음 연습 장면 농담 나누다 여성 연극 과정 신체 부담 중단 선언 스트레스 공감 중요 단장 신념 역사
승무별곡-이중기,5,0.9,57.26,75.26,남편 사이 긴장 귀환 기다리다 가족 포기 해결 서울 생활 조언 희망 현실 고민 갈등 세대 가치 충돌 스님 방문 인생 전통 예술 교차 가운데 명수 불신 심화 떠나다 비난 질투 격렬 깊다 극단 폭력 위협 어머니 혼란 승무 심리 고통 불교 신앙 문화 자살 의지 학대 조롱 직면 고립감 극복 음악 공동체 어려움 통하다 살다 강제 폭행 뛰쳐나가다 은진 약속 지키다 돌아가다 여인 노인 멈추다 자부심 단결 아픔 이해 분노 폭발 긴장감 사과 과거 상처 배신 예술인 격화 시작 구성원 모이다
분장실,4,0.9,57.21,75.21,연극 대하다 태도 자신감 회복 무대 상처 고민 불안 사랑 문제 갈등 격화 신경전 나다 분장실 고백 신념 인내 중요 의상 모자 과거 연기 경험 관계 주인공 셰익스피어 토론 부인 역할 번역 해석 차이 관객 이해 관용 스타일 시대 도둑 경쟁 이야기 여성 혼란 겪다 남성 가운데 감정 격하 선호 명성 비교 충돌 희생 사람 분담 극복 의지 운명 좌절 희망 작품 기력 고통
사형수와_사신-하근찬,1,0.7,61.19,75.19,죽음 고통 사형수 의미 감옥 억울 살인 누명 등장인물 과거 죄책감 갈등 격화 살인자 허무 철학 배신 신체 충돌
우리읍내,8,0.95,56.18,75.18,배경 주요 새벽 읍내 장소 주민 생활 무대 특성 설명 지리 상점 구체 묘사 사회 구조 교회 학교 일상 신문 폴란드 이민자 가정 중심 나누다 지역 경제 애정 집중 골동품 갈등 부각 농사 출산 평범 공부 문화 발전 미미 약자 근면 자립 지방 보수 정치 성향 인간 관계 성장 젊다 평등 미래 은행 신축 묵인 상황 깊다 마을 사람 아프다 목사 농장 악화 불안 걱정 감추다 외삼촌 노동 어머니 달빛 아래 평화 용돈 인상 요구 결혼 변화 형성 전날 사랑 신랑 인물 결혼식 주제 졸업 서두르다 시간 지나다 가족 긴장 고조 시각 차이
파수꾼(대본0,3,0.867,57.84,75.17,두려움 떨다 임무 습격 시도 위협 내습 발견 경고 소년 결점 경계 능력 물러나다 반복 망루 아래 파수 이유 정확 관찰력 배우 마을 알리 방어 떼다 지속 부상자 사망자 속출 불행 기력 분노 후임 책임감 용기 점검 양철북 주민 외로움 시달리다 노인 식량 운반 여성 지하실 대피 대비 일부 포기 사람 탈출 권유 고립 단결 정신 새벽 존재 구름 현실
산허구리-함세덕,2,0.85,58.14,75.14,마을 생존 고통 하다 가족 어머니 절망 큰아들 죽음 바닷가 물가 주변 압박 문제 건강 악화 인하 갈등 이유 폭력 희생자 발생 사람 적다 이어지다 상실 무너지다 이끌다 빚다 모녀 감정 폭발 고립
그_밤_그_바다-오태영,2,0.8,59.02,75.02,가운데 남자 술집 지시 주인 대응 사람 자리 종업원 요구 불안 긴장감 험상궂다 경력 과거 아내 주장 부부 남편 피해망상 행동 의심 시선 교환 항구 부인 자신감 유지 도덕 잣대 웃음소리 주변 노인 갈등 빚다
스카펭의_간계,10,0.94,56.19,74.99,갈등 심화 주인공 아버지 결혼 귀환 비밀 드러나다 위기 과거 탈선 숨기다 상황 타개 방안 주변 극복 사이 절망 기지 여행 떠나다 젊다 여자 발견 지키다 사랑 마음 사람 진실 용기 확인 강압 태도 아들 숙명 배신 규정 분노 허락 없다 권위 이유 자식 교육 문제 표출 신뢰 신분 위험 감수 생존 자백 복수심 누설 의혹 하인 고백 배신자 대하다 충성심 심각 긴장감 고조 시험
강추자_노파의_오찬,2,0.85,57.96,74.96,가족 관계 현재 유산 아버지 외국 나가다 감정 얽히다 갈등 이해 부족 습관 반복 망가뜨리다 고백 자녀 세대 억압 결혼관 복잡 외로움 차이 사회 격차 느끼다 이웃 소통 부재 선택 미국 떠나다 드레스 경험 소음 심하다 환경
봄이오면_산에들에,3,0.833,58.27,74.94,처녀 쌓다 혼란 총각 혼인 갈등 시작 마을 깊다 강압 뿌리치다 문제 꺼내다 소나무 걱정 긴장감 감돌다 위험 느끼다 가족 과거 아프다 기억 산골 존재 대하 도망치다 사건 겨울 소통 동물 이해 평화 사람 일어나다 지나다 교류 노래 추다 마지막
신의아그네스,5,0.94,56.0,74.8,수녀 피다 임신 출산 대하 기억 혐의 기소 법정 진술 재판 상실 여성 탯줄 감다 증거 발견 과실 치사 의사 정상 고통 신앙 고백 치료 부재 수녀원 신체 정신 학교 외부 경험 긴장감 고조 출혈 증상 판단 엄격 가정 환경 없다 신념 개인 의심 어머니 갈등 어리다 시절 분노 사이 약혼자 문제 동생 죽다 결백 충돌 찾다 과거 미래 가족 학대 깊다 트라우마 죄책감 심리 과정 사망 일으키다 최면 심각 주인공 종교 견해 차이 희망 회복 외로움 극심 두려움 미리암 도움 심화 혼란 강간 발생 의료진
최현죽_윤동주와_헤어져,13,0.946,55.82,74.75,심리 압박 무대 감옥 심화 긴장감 갈등 경찰서 제한 공간 배경 구조 고뇌 윤동주 갇히다 가족 주변 사망 소식 일본 깊다 슬픔 절망 고문 묘비명 독립 운동가 죽음 친구 추모 역사 진실 지키다 강제 주사 건강 전쟁 동생 의미 민족 자각 형제애 드러내다 화목 애정 표현 사람 정체 품위 마음 비롯 작품 토론 대화 조국 조선 결심 광명중학교 일본인 군관 학교 선택 한계 중학교 배신 중국 정부 지원 끊다 신사 참배 거부 운동 동맹 퇴학 펼치다 귀국 가운데 언어 말살 논의 고통 내면 사랑 문제 검열 탄압 정책 대하다 분노 시인 어리다 시절 형사 주인공
반딧골_사람들,3,0.833,57.96,74.62,사람 사랑 마을 논쟁 생일 하늘 설명 궁금 할머니 싸우다 첫날밤 여성 갈등 일어나다 노인 결혼 결심 주민 깊다 슬픔 쇠약 정신 심신 죽음 호소 고향 남편 폭행 영혼 나타나다 억울 보이 불안 가족 고통 가정 기억력 발병 가난 지켜보다 절망 공동묘지 이야기 폭력 두려움 배척
만선,16,0.963,55.24,74.49,이해관계 충돌 시도 관계 변화 어부 가족 주변 논의 과정 세대 어업 생계 문제 의견 차이 향후 방향 모색 심화 인하 긴장 마을 분위기 활기차다 변하다 주민 기쁨 경제 기대 어부들 부서 떼다 희망차다 감돌다 전통 기대다 일어나다 바다 규모 웃음 불쾌감 어획량 어획 풍요 며칠 대량 갈등 실망 침체 어려움 사람 휩싸이다 집안 심각 크다 절망감 묶다 고기 결정 긴장감 고조 격화 일부 겪다 풍부 사이 절망 깊다 압박
처용의_노래,8,0.938,55.65,74.4,어머니 발각 처용 처하다 위협 관계 귀신 떠나다 질투심 바위 깔리다 위기 바다 산신 용왕 도움 아주머니 살리다 접촉 쉬다 회복 긴장 부탁 준비 사람 보호 역신 끊다 위하다 도망 공격 어부 투망 파괴 절벽 아래 긴장감 어둠 짙다 이상 백성 노여움 구름 갈등 본격 피우다 기후 현상 발생 여성 원인 군사 동원 이름 이후 기적 베풀다 기념 나라 어지럽히다 나타나다 체포 하옥 문화 펼치다 다짐 혼인 노래
죽음의_토크쇼,4,0.95,55.39,74.39,방송 방청객 적극 실제 반응 진실 규명 사회 감정 표현 실시간 활용 웃음 야유 다양 소통 유지 프로그램 사회자 하버드 법대 중시 시스템 충돌 임신 고등학생 미혼 경험 문제 가족 갈등 친구 공개 폭행 분노 배신감 폭발 미성년자 보호법 관련 욕구 성장 갈망 상대방 연인 관계 비난 대립 심화 의심 질투 격렬 깊다 상황 복잡 신체 만남 동기 사랑 성별 무관 메시지 동성애 대하다 편견 연애 과정 과거 남성 혐오감 폭력 여성 나다 토론
뜻대로_생각하세요-루이기피란델로,6,0.933,55.71,74.38,심화 정치 긴장 경찰 권력 갈등 사이 개인 긴장감 지속 라우디시 아멜리아 중심 시장 국장 중재 의회 복잡 안정 유지 분개 주민 문제 사위 행동 마을 사람 의심 분노 교회 증축 도시 신임 건축 의원 유력 도덕 행위 규정 비난 해결 장모 만나다 면담 아내 항의 적극 대응 부인 심각 인식 신중 접근 강조 사회 신문 접촉 사건 임시 회의 진솔 고백 처음 가족 관련 오해 지진 룰라 동정 재혼 판단 의문 제기 변화 정신 충격 상황 여성 꾸미다 남편 보살피다 의존 사고 상태 숨다 이해 알리
국물있사옵니다,7,0.929,55.74,74.31,직원 교회 출석 종교 권력 이용 여성 교류 부족 사장 만나다 갈등 남성 주인공 임시 회사 음주 문제 인생 불확실 희망 변화 외롭다 살다 친구 과거 옆방 정체 불명 아파트 관리인 독특 태도 피해 느끼다 보이 임시직 불안 관계 무르익다 인간관계 형성 결혼 생활 중요 외로움 어머니 가족 부양 부담 형제 방문 자금 모으다 절망 영화 관람 자리 차지 의견 충돌 젊다 권투 선수 총구 겨누다 충격 사회 실망 방식 잔치 비용 신체 사이즈 심장 상식 실험 동생 자신감 목격 탱크 잃다 소희 혼란 겪다 자살 충동 다르다 친밀 기다리다 이상 시험 합격
장미_문신-테네시_윌리암스,16,0.956,54.92,74.05,극장 연극 연기력 바탕 관객 강하 인상 배우 공연 형식 극단 성좌 번역 연출 장미 문신 주인공 남편 사업 임신 직감 신비 경험 바나나 트럭 문제 주민 기다리다 불안 설레다 경제 자립 희망 미국 전역 여성 유산 자살 극심 고립 심리 붕괴 차단 터뜨리다 졸업식 분노 교사 이웃 개입 죽음 이후 참여 반대 접촉 상실 회상 감정 과거 사랑 남성 대하다 불순 성모상 두려움 떠나다 비밀 참석 포기 폭력 경찰 출동 어둠 기차 가족 유골 의심 불신 깊다 변화 드러나다 존중 심각 행동 통제 숨기다 갈등 무도회 도덕 방문 가능
멕베드,5,0.94,55.22,74.02,여인 전쟁 승리 군대 노래 퍼지 긴장 기대 교차 혼란 상징 변화 조짐 무대 퍼지다 가운데 우주 신비 드러내다 다가오다 확실 미래 장군 반란 시민 환호 영주 임명 왕위 귀환 건강 악화 환영식 신뢰 정치 축하 파티 호흡 긍정 영향 무능 의적 혈육 신임 죽음 충격 위협 권력 쟁취 결심 주인공 암살 갈등 독려 도덕 왕자 연합 반군 맥베드 정신 흔들 위태 실종 후손 아들 폴리 암살자 기습 공격 고조 임신 언스 제거 반란군 지도자 죄상 밝히다 선언 비극 발생 운명 투쟁 종식 없다 태도 체포 통하다 공정
가스등-패트릭해밀턴,4,0.875,56.45,73.95,위층 숨다 고조 여성 사건 현장 피해자 살해 장소 보석 숨기다 탐색 긴장감 혼란 가운데 남성 사업 벌이 운전 기사 위하다 조언 남편 조사 인물 감정 억제 증명 서류 찾다 혼인 갈등 조사자 살인범 불빛 집주인 아내 심각 사이 긴장 사람 부엌 병원 입원 고민 발견 사연 협력 행동 시계 조카 부인 관계 주인 의심 집안 하녀 출근 끌리다 은밀 관찰 쌓이다 시간 늦다 유령
이강백의_결혼대본,3,0.8,57.93,73.93,시각 드러내다 이야기 남자 이야기책 읽다 관객 빌리다 물건 활용 부자 의미 깊다 극장 하인 시계 상징 중요 역할 도구 단순 소품 가난 사기 결혼 갈등 심화 여성 받아들이다 청혼 사람 소지품 인생 늦다 초조 서두르다 부유 도착 여자 침묵 현실 한계 사랑 시간 구애 노화 체험 인정 사진 통하다 떠나다
로르카-피의결혼,2,0.85,56.72,73.72,사이 갈등 신부 혼인식 이후 관계 피로 심리 결혼식 준비 과정 감정 느끼다 과거 불안 긴장 침묵 현실 대하다 복잡 자존심 문제 집안 적대 분열 충격 혼란 사라지다 가족 직후 도망 운명 대립 긴장감 비유 연인 사랑 달빛 아래 발전 광대 중계
내_아들을_위하여,8,0.938,54.78,73.53,가족 갈등 긴장감 이웃 사이 관계 감정 충돌 이튿날 새벽 과거 사건 관련 심화 교외 뒷마당 켈러 변화 점성술 이야기 현실 인식 생활 태도 신념 아침 사업가 의사 실종 따다 운명 죄책감 심리 점치다 사업 지키다 날씨 신문 광고 사과나무 긴장 시간 돌아오다 심경 드러내다 기대 불안 생존 기다리다 믿음 시각 아버지 억울 투옥 깊다 상처 편견 범죄 남기다 재판 소송 문제 고조 전쟁 극복 살인 존경 인물 성장 관심 세대 배신 불신 거부감 어렵다 결정 기회 공장 발생 결함
비닐하우스_오태석,7,0.943,54.64,73.5,사회 현실 인간 심각 위기 탐구 변화 대하다 인식 메시지 전하다 기존 강력 해결책 극단 성찰 바탕 다양 문제 악화 권력 사랑 죽음 한국 연극 중요 복잡 역사 경험 전통 과학 문명 최초 해외 공연 예술 전당 해방 전쟁 이데올로기 도시 충돌 불안 심리 상징 인공 구조물 비닐 의식 실천 헌혈 공동체 생활 적응 국가 규모 수혈 체계 국민 신입 경제 어려움 유기 의혹 갈등 교육 작업장 약병 긴장감 합의 확립 가운데 겪다 휠체어 재소자 반복 단련 정신 수양 규정 의심 커지다 혈액 채혈 검사 과거 실패 신용 남편 확인 카드 점검 병원 이송 절차 사이 야구 인하 수은 중독 응급 관리자 본부 소통 증세 진행 한편 지원
루퍼트부르크리투아니아_-,3,0.933,54.76,73.43,드러나다 고립 살다 오두막 어머니 가족 과거 상처 도시 시골 미묘 감정 위험 관계 변화 식사 긴장 대화 굶주림 시달리다 가난 산속 부유 아버지 무력감 나가다 부자 도둑 의심 겨울 실제 행동 실패 불안 시계 걱정 문제 해결 분노 젊다 남성 떠나다 불안감 슬픔 혼란 갈등 심화 위협 무장 계획 논의
창_달린_방,4,0.85,56.32,73.32,심각 고통 절망 자살 시도 상처 사랑 돌아오다 희망 연대 연못가 약속 나누다 사람 강하다 질책 도움 요청 변화 문제 인식 사이 긴장 갈등 감정 충돌 심화 주인 남자 상실 부상 대화 분위기 안정 왜곡 상징 거울 개인 욕망 현실 무게 분노 폭발 변하다 세대 가족 치우다 대하다 불안감 기존 신앙 도피 욕구 가치관 드러내다 주변 인물 춤추다 일상 중독 증세 오토바이 사고 환경 개선
바보각시대본,4,0.9,55.3,73.3,맹인 가수 현실 절망 보이다 취객 희망 교차 도시 들다 냉혹 부재 인정 사람 고단 살다 빈민 소외 공간 사회 면모 노래 기다리다 분노 표출 조리 비판 전단 혼란 바보 치욕 평등 갈등 심화 폭행 떠나다 실직 폭력 충돌 일어나다 최루 가스 화염 세계 챔피언 홍수환 허위 가짜 메시아 등장 시민 냉대 과거 영웅 변화 개인 외로움 인식 분신 자살 경찰 체포 온몸 예술 각시 아이 고립 이후 여성 성찰 아버지 추측 책임 임신 포장마차 파출소장 거절 회피 남자 발견 도덕
저녁놀에_학이_사라지다-목하순이(일본),2,0.85,56.12,73.12,남자 관계 균열 변화 압박 여자 이상 대하다 집착 분열 심하다 절망 서울 구경 시키다 신뢰 애정 위협 불안 여성 비단 완성 사라지다 슬픔 갈등 겪다 사람 맡다 떠나다 결심 약속 요구 호기심 많다 추억 사랑
소시민의_결혼,7,0.929,54.48,73.05,가족 유머 애정 가구 대하다 자부심 식사 자리 과거 갈등 불러일으키다 계란 대화 조명 낭만 견해 차이 결혼식 추억 이야기 분위기 형성 생선 요리 과정 재료 감정 긴장 회상 천장 바라보다 고통 죽음 침대 얽히다 시도 실패 미묘 참여 거부 나누다 증조부 인물 쇠약 기억력 드러나다 가다 수세식 화장실 여성 폭력 남성 드러내다 관계 불편 겪다 욕망 혐오 위선 경험 겸손 도덕 비판 의견 충돌 의자 문제 긴장감 가정 생활 가치 입장 현대 예술 심화 파손 공격 태도 격렬 비난 겹치다 불만 쌓이다 축하연 냄새 전기 사람 사이 복잡 끊임없다 상처 둘러싸다 시간 떠나다 저녁 모임
대머리여가수,8,0.925,54.42,72.92,인물 관계 갈등 인간 본질 탐구 심화 복잡 심리 공연 내용 긴장 대립 메어리 주요 이오네스코 스미드 가족 음식 견해 차이 의견 나누다 식사 윤리 책임 의료 저녁 장면 영국 중류 가정 품질 중심 이웃 의사 신뢰 샐러드 수프 대화 세대 성별 신문 사망자 회복 영화관 부부 언쟁 출생자 나이 이름 중복 혼란 자녀 교육 문제 늦다 도착 보다 기억 색깔 일치 기묘 우연 동일 의문 공간 가능 추측 기차 런던 재회 방문객 시간 기다리다 침묵 주인 그러다 고조 양측 불신 태도 예상 전환
김치국씨_환장하다,4,0.875,55.33,72.83,악화 불안 문제 인하 방문객 갈등 심화 주변 반응 사람 열다 고생 부인 충돌 취재진 남성 북한 텔레비전 방송국 정치 음모 몰아가다 가족 기부금 강제 방송 비판 외부 금액 남편 기관 압박 여권 무관 주장 해외 거액 기부 일본 죄책감 간첩 혐의 발표 사회 충격 진실 얽히다 복잡 쌍둥이 형제 유출 배신 혼동 비밀 마을 전쟁 이후 신원 아이 데려가다 해방 재산 다툼 인물 처벌 떠나다
window,4,0.9,54.78,72.78,해우 극심 고통 절망 자살 불안 연못가 갈등 심화 관계 변화 조짐 대하 사랑 경찰서 방문 권유 감정 충돌 사람 떠나다 던지다 상실 전구 조각 부상 결심 주변 확실 주인 깊다 사이 어머니 의심 연민 긴장감 가족 현실 환상 경계 기대 자녀 부담 생활 고단 사회 상처 혼란 겪다 공간 거울 치우다 사건 대하다 상상 모색 춤추다 기존 신앙 창문 바꾸다 답답 환경 걱정 머리 아프다 오토바이 사고
밧줄-유진오닐,6,0.917,54.35,72.68,노인 의심 불안 사이 과거 상처 조심 당부 중년 여성 무심 사람 갈등 깊다 가족 고통 드러내다 소녀 분노 고조 아버지 지시 죽음 인하 구성원 아들 사건 행방 관련 미신 심화 돌아오다 시간 떠나다 보호 혼란 상황 현금 숨다 부족 농장 건강 악화 파산 청년 두려움 재산 운영 긴장감 정신병 증세 변호사 어른 긴장 문제 복수 다짐 영감 남자 경계 은화 찾다 계획 진심 반복 격렬 신체 과정 시작 매다 충격 대립 농담
꽃며느리-김창일,3,0.867,55.14,72.47,끊다 가족 불안 과거 소문 도망가다 자식 찾다 신방 대신 만화책 경찰 큰아들 불신 생기다 갈등 겪다 새색시 관심 비용 부담 외상 어려움 결혼 제안 자책 혼례 생활 불안감 드러내다 신혼 시골 적응 장남 강하 도시 살다 첫날 나이 많다 어머니 열흘 슬픔 고독 아들 며느리 도움 요청 깊다 떠나다 위하다 읍내 순경 권유 조사 소식 기다리다 알리
금지된_장난-김훈,2,0.8,56.38,72.38,감정 드러나다 자매 떠나다 독립 낯설다 여성 집안 혼란 임신 불안 정체 고민 파티 일주일 학교 수집 담배 청소년 어른 세계 절망 비판 가족 인하 갈등 억압 현실 왜곡 미래 대하다 과거 고통 폭력 인식 상징 공부 압박
공연대본,4,0.875,54.26,71.76,진지 화장 의상 긴장 분위기 조성 다툼 무대 열망 고뇌 표현 부상 피로 불구 준비 환경 관계 과거 연기 경험 경력 셰익스피어 역할 비교 불운 고백 사람 겪다 어려움 영화 목숨 도둑 비판 배우 갈등 의심 직면 포기 정체 극도 감정 독특 교환 불안 인정 긴장감 직업 희생 허망 폭발 동료 폭행 없다 연습 나누다 현실 결심 고통 실제 작품 조명 기다리다
거룩한직업_이근삼_usungm,6,0.933,53.08,71.74,학자 도적 침입 실망 폭력 행사 담배 안방 묶다 물질 이득 비교 여유 태도 놀라다 대화 갈등 시작 가치 이해 무시 중요 노트 요구 생명 문화사 존재 경제 기반 설명 긴장감 현금 쓰다 긴장 대처 교실 학생 공책 찢다 과거 강의 사이 혼란 초래 미묘 감정 교류 경제학 창문 도둑 역할 주인 신분 매춘부 인류 짖다 사회 인식 출신 문화 밀접 변화 무쌍 실패 인생 비극 세월 교육자 헌신 세대 피해 나이 충실 받아들이다 신성 위험 모험 인하 개인 절다
동승,3,0.867,54.17,71.5,감정 충돌 갈등 고조 긴장 이야기 긴장감 결국 복잡 가족 비롯 주변 입장 차이 변화 초겨울 서울 대갓집 밀접 세대 신앙 태도 후손 시주 경제 유지 산속 주변인 협조 좌절 규율 지키다 과거 귀환 기다리다 성장 상징 나무 갈망 생활 망인 주장 부모 세상 결심 위험 고통 불안 감돌다 강하 의지 떠나다 움직이다 스님 허락
사랑은비를타고,8,0.912,52.74,70.99,외로움 허전 느끼다 노래 가족 거리감 소통 과거 추억 어려움 조카 만남 기대 사람 오랜만 재회 구성원 각자 사정 조심 전화 통화 복잡 감정 역할 분담 돌보다 갈등 불편 걱정 다름없다 생활 방식 이해 피아노 연주 포기 혼란 살다 관계 악화 동성 결혼 문제 청년 공부 현실 군대 웨딩 센터 직원 방문객 장마철 공사 현장 인물 심리 위기 실패 좌절 난감 긴장 폭발 상황 주변 실수 차례 방문 시도 주소 직장 실망 두려움 경험 변화 가능 희망 떠오르다 전환점 나누다 성장 불안 휩싸이다
그_다음-테렌스_맥넬리,4,0.875,53.19,70.69,검사 강행 남성 의심 검사관 권위 정부 소집 신체검사 심리 갈등 마지 직업 상세 질문 불편 가족 관계 과거 질병 알레르기 복합 건강 문제 일상 흡연 음주 정신 신경증 확인 다양 약물 복용 습관 호텔 독신 생활 고통 입대 진행 과정 거부 저항 장애 이유 혈압 신체 고백 긴장감 명령 복종 지능 테스트 비밀 기록 대상자 이혼 주인공 권력 무력 태도 무심 가치 부정 역할 개인 어려움 차별 사회 대하다 분노 인간 권리 무시 데크 중사 좌절 멋지다 장례식
게오르그뷔히너-보이체크,1,0.6,58.69,70.69,고립 정신 위기 갈등 자각 혼란 심화 주인공 폭력 두려움 휩싸이다 마을 편견 엇갈리다 빠지다 도덕 가난 사람 현실 자연 군악대 행진
라쇼몽_아쿠타카와류노스케_usungm,5,0.92,52.08,70.48,사건 주변 재난 시체 유행병 전쟁 두려움 드러내다 만나다 살인 목격 다조마루 게비 인하 사회 혼란 일어나다 과거 체감 인간 본성 눈알 없다 방식 비교 여자 가능 권력자 혐의 재판 남편 아내 희롱 욕망 무덤 발견 보물 등장인물 성격 해석 실수 사이 치열 결투 남자 진실 모호 거짓말 대하 증오 고조 마루 결국 저항 경멸 눈빛 도망가다 강제 충격 절망 유인 중턱 자살 시도 밧줄 끊다 악행 자책 용서 증언 엇갈리다 겁탈 배신 살인자 가운데 영혼 대립 깊다 고통 분노 폭발
대머리여가수,8,0.912,52.08,70.33,관객 깊다 인상 극단 창고 극장 김정 이오네스코 작품 갈등 관계 중심 스미드 부인 식모 소통 부재 가족 음식 드러나다 식사량 논쟁 전개 과정 영국 중류 가정 식사 자리 견해 차이 건강 의학 성공 실패 윤리 경쟁 긴장감 고조 복잡 인간관계 변화 묘사 주인공 신문 사망자 보도 부부 언쟁 농담 사회 위치 대화 과거 결국 영화관 남성 긴장 형성 맨체스터 연결 사람 살다 중첩 기차 어리다 탐색 반복 의심 당황 교차 방문객 시간 기다리다 여행 겪다 경험 침묵 흐르다 분위기 늦다 도착 상황
하녀들,1,0.6,58.18,70.18,마담 사이 긴장 증오 드러내다 하녀 주인공 언니 주인 여성 침실 숨기다 복수 사람 의심 반란 과거 비밀 감옥 수감 문제 사회 지위 외모 무대
관객모독-피터한트케,1,0.6,56.17,68.17,관객 갈등 공연자 반발 무례 행동 악화 침착 분위기 심화 긴장 결과
원고지_대본,1,0.7,51.44,65.44,실망 돌봄 교수 가족 책임 가치관 드러내다 아버지 피곤 걱정 긴장감 감돌다 경제 어려움 관계자 만남 번역 자녀 음악 어수선 신문 통하다 사회 가방